-- phpMyAdmin SQL Dump
-- version 5.2.1
-- https://www.phpmyadmin.net/
--
-- Host: 127.0.0.1
-- Generation Time: Oct 11, 2023 at 06:14 AM
-- Server version: 10.4.28-MariaDB
-- PHP Version: 8.2.4

SET SQL_MODE = "NO_AUTO_VALUE_ON_ZERO";
START TRANSACTION;
SET time_zone = "+00:00";

--
-- Database: `tldr`
--

-- --------------------------------------------------------

--
-- Table structure for table `bills`
--

DROP TABLE IF EXISTS `bills`;
CREATE TABLE `bills` (
  `id` int(11) NOT NULL,
  `learner_id` int(11) NOT NULL,
  `instructor_id` int(11) NOT NULL,
  `issue_date` date NOT NULL,
  `due_date` date NOT NULL,
  `paid` tinyint(1) DEFAULT 0,
  `paid_date` date DEFAULT NULL,
  `hourly_rate` decimal(10,2) NOT NULL,
  `billed_minutes` int(11) NOT NULL
) ENGINE=InnoDB DEFAULT CHARSET=utf8mb4 COLLATE=utf8mb4_general_ci;

--
-- Dumping data for table `bills`
--

INSERT INTO `bills` (`id`, `learner_id`, `instructor_id`, `issue_date`, `due_date`, `paid`, `paid_date`, `hourly_rate`, `billed_minutes`) VALUES
(1, 1, 2, '2023-09-14', '2023-09-28', 0, NULL, 100.00, 60),
(2, 1, 2, '2023-09-14', '2023-09-28', 0, NULL, 100.00, 90),
(3, 1, 2, '2023-09-14', '2023-09-28', 0, NULL, 100.00, 60),
(4, 5, 2, '2023-09-14', '2023-09-28', 0, NULL, 75.00, 120);

-- --------------------------------------------------------

--
-- Table structure for table `bookings`
--

DROP TABLE IF EXISTS `bookings`;
CREATE TABLE `bookings` (
  `booking_id` int(11) NOT NULL,
  `instructor_id` int(11) NOT NULL,
  `learner_id` int(11) NOT NULL,
  `booking_date` date NOT NULL,
  `booking_time` time NOT NULL,
  `pickup_location` char(100) NOT NULL,
  `paid` tinyint(1) NOT NULL DEFAULT 0
) ENGINE=InnoDB DEFAULT CHARSET=utf8mb4 COLLATE=utf8mb4_general_ci;

--
-- Dumping data for table `bookings`
--

INSERT INTO `bookings` (`booking_id`, `instructor_id`, `learner_id`, `booking_date`, `booking_time`, `pickup_location`, `paid`) VALUES
(1, 2, 1, '2023-10-11', '10:00:00', 'Tonsley Campus', 1),
(2, 7, 1, '2023-10-11', '11:00:00', 'Tonsley Campus', 0),
(3, 7, 5, '2023-10-11', '12:00:00', 'Yes', 0);

-- --------------------------------------------------------

--
-- Table structure for table `completed_lessons`
--

DROP TABLE IF EXISTS `completed_lessons`;
CREATE TABLE `completed_lessons` (
  `id` int(11) NOT NULL,
  `learner_id` int(11) NOT NULL,
  `lesson_id` int(11) NOT NULL,
  `completion_date` date NOT NULL
) ENGINE=InnoDB DEFAULT CHARSET=utf8mb4 COLLATE=utf8mb4_general_ci;

-- --------------------------------------------------------

--
-- Table structure for table `instructors`
--

DROP TABLE IF EXISTS `instructors`;
CREATE TABLE `instructors` (
  `user_id` int(11) NOT NULL,
  `username` varchar(100) NOT NULL,
  `company` varchar(100) NOT NULL,
  `company_address` varchar(100) NOT NULL,
  `phone` int(11) NOT NULL,
  `price` decimal(10,2) NOT NULL
) ENGINE=InnoDB DEFAULT CHARSET=utf8mb4 COLLATE=utf8mb4_general_ci;

--
-- Dumping data for table `instructors`
--

INSERT INTO `instructors` (`user_id`, `username`, `company`, `company_address`, `phone`, `price`) VALUES
(2, 'Brett Wilkinson', 'Flinders', 'Tonsley', 404040404, 50.00),
(7, 'Kathryn Laneway', 'NA', 'NA', 0, 50.00);

-- --------------------------------------------------------

--
-- Table structure for table `instructor_learners`
--

DROP TABLE IF EXISTS `instructor_learners`;
CREATE TABLE `instructor_learners` (
  `instructor_id` int(11) NOT NULL,
  `learner_id` int(11) NOT NULL
) ENGINE=InnoDB DEFAULT CHARSET=utf8mb4 COLLATE=utf8mb4_general_ci;

--
-- Dumping data for table `instructor_learners`
--

INSERT INTO `instructor_learners` (`instructor_id`, `learner_id`) VALUES
(2, 1),
(2, 1),
(7, 5),
(7, 1);

-- --------------------------------------------------------

--
-- Table structure for table `lessons`
--

DROP TABLE IF EXISTS `lessons`;
CREATE TABLE `lessons` (
  `id` int(11) NOT NULL,
  `unit_number` int(11) NOT NULL,
  `unit_name` varchar(255) NOT NULL
) ENGINE=InnoDB DEFAULT CHARSET=utf8mb4 COLLATE=utf8mb4_general_ci;

--
-- Dumping data for table `lessons`
--

INSERT INTO `lessons` (`id`, `unit_number`, `unit_name`) VALUES
(1, 1, 'Basic driving procedures'),
(2, 2, 'Slow speed manoeuvres'),
(3, 3, 'Basic road skills'),
(4, 4, 'Traffic management skills'),
(5, 0, 'Units 1 and 2 - Review'),
(6, 0, 'Units 3 and 4 - Review');

-- --------------------------------------------------------

--
-- Table structure for table `logbooks`
--

DROP TABLE IF EXISTS `logbooks`;
CREATE TABLE `logbooks` (
  `id` int(11) NOT NULL,
  `learner_id` int(11) NOT NULL,
  `qsd_id` int(11) NOT NULL,
  `date` date NOT NULL,
  `start_time` time NOT NULL,
  `end_time` time NOT NULL,
  `duration` int(11) NOT NULL,
  `start_location` enum('MOTPENA','MCLAREN VALE','PORT AUGUSTA NORTH','GAWLER RIVER','CHUNDARIA','ELIZABETH EAST','MULGUNDAWA','GAWLER RANGES','GAMMON RANGES','MOUNT COMPASS','BOONERDO','YANERBIE','MOUNT MCINTYRE','UWORRA','MALINONG','BRINKLEY','BLYTH','TORRENSVILLE PLAZA','MONTACUTE','COMAUM','ERINGA','TORRENSVILLE','CORTLINYE','HIGHGATE','BUNGAMA','STANLEY','LINCOLN GAP','BEVERLEY','HOYLETON','PANDIE PANDIE','WILD DOG VALLEY','KINGSTON SE','WHYALLA STUART','PUNTABIE','PICCADILLY','GOOLWA SOUTH','PAECHTOWN','MARREE','PORT MOOROWIE','SALISBURY HEIGHTS','BURR WELL','WOKURNA','EIGHT MILE CREEK','ANDAMOOKA','BALGOWAN','MINGARY','NARRIDY','POINT STURT','NOARLUNGA CENTRE','BOOKABIE','SALISBURY','WANGARY','GOOLWA BEACH','CORNY POINT','MOUNT BARKER JUNCTION','REID','PEEBINGA','ABERFOYLE PARK','BEATTY','CLAYPANS','MONARTO','MARREE STATION','WONGULLA','MITCHELL PARK','MUNNO PARA DOWNS','TARNMA','WILLOW BANKS','LONG FLAT','PADTHAWAY','WAITPINGA','JERUSALEM','SEACOMBE GARDENS','KYBYBOLITE','POONINDIE','PORT PIRIE SOUTH','WOODFORDE','PYGERY','FISHERMAN BAY','MANGALO','WARTAKA','ROCKY PLAIN','DEEP CREEK','COOBOWIE','PINDA SPRINGS','YUMBARRA','BURNSFIELD','PETINA','FARM BEACH','PARA HILLS WEST','KANPI','ASHFORD','PASADENA','TEPKO','MOUNT BRYAN','KINGSTON ON MURRAY','STANSBURY','CEDUNA WATERS','WALLALA','PETHERICK','GILBERTON','GREENBANKS','EDITHBURGH','SEMAPHORE','ELIZABETH','KILKENNY','SEMAPHORE PARK','HUMBUG SCRUB','TANUNDA','CLIFTON HILLS STATION','WOOLUMBOOL','WITCHITIE','COCATA','ISLAND BEACH','TUSMORE','REDHILL','CHERRY GARDENS','PANDURRA','PORT BONYTHON','PENONG','WOODVILLE PARK','PRICE','WHITE SANDS','BOOBOROWIE','COPLEY','MACCLESFIELD','GREEN PATCH','MORGAN','TOOTENILLA','WATERLOO','ULYERRA','HANSBOROUGH','LOUTH BAY','NEWLAND','WAYVILLE','ETADUNNA','AMERICAN BEACH','DAVOREN PARK','GLENROY','O''SULLIVAN BEACH','LAKE HARRIS','COLLINSVILLE','MOOCKRA','MURRAY BRIDGE SOUTH','PARADISE','BUCHANAN','THE PINES','POINT TURTON','WHITE HUT','PUNTHARI','FIRLE','PARK HOLME','BURTON','GLYNDE','TALDRA','KANNI','EMU FLAT','ORROROO','GLENSIDE','HACKHAM WEST','EVERARD PARK','BRIDGEWATER','JULIA','OLD TEAL FLAT','COOMANDOOK','HACKNEY','HAMPDEN','MERRITON','HILL RIVER','LAKE MACFARLANE','KAPUNDA','SEAFORD RISE','ST PETERS','WITJIRA','FLAGSTAFF HILL','MODBURY','MYRTLE SPRINGS','PORT BROUGHTON','NANGWARRY','THEBARTON','JERICHO','TOOLIGIE','WOODS POINT','KOPPIO','LAKE ALBERT','PALLAMANA','CUDLEE CREEK','WIRRINA COVE','ASHTON','LOWER INMAN VALLEY','QUONDONG','ROCKY GULLY','HAMBIDGE','KALBEEBA','ARDROSSAN','HINDMARSH TIERS','WEDGE ISLAND','ALTONA','PORT AUGUSTA','IRONBANK','FULHAM GARDENS','BURDETT','WELLINGTON','DULWICH','YARRAMBA','MARDEN','PINKERTON PLAINS','CROWN POINT','NORTH HILLS','YORKETOWN','GREENOCK','YUDNAPINNA','COLES','NORTH BEACH','OVINGHAM','NORTH HAVEN','COLLEGE PARK','TAPLAN','MOORAK','MULGA VIEW','GERMAN CREEK','ANGAS PLAINS','WITERA','POINT BOSTON','POLTALLOCH','CITY WEST CAMPUS','SEACOMBE HEIGHTS','EMEROO','MOUNT BRYAN EAST','ALFORD','TAILEM BEND','TOORA','KILBURN NORTH','WALKER FLAT','LANGS LANDING','SCHELL WELL','PIKE RIVER','PROSPECT EAST','MOUNT GAMBIER WEST','NUNJIKOMPITA','JULANKA HOLDINGS','WANDANA','ROSSLYN PARK','TOTNESS','GUM CREEK','QUEENSTOWN','ONE TREE HILL','CROYDON','BRIGHT','MENINGIE','PRELINNA','THORNGATE','EVANDALE','MAKIN','NADIA','SUNNYDALE','NORTH ADELAIDE MELBOURNE ST','HOLDER','DUDLEY EAST','WHYALLA JENKINS','ARNO BAY','BOATSWAIN POINT','WUNKAR','OUTER HARBOR','COWANDILLA','RIDGEHAVEN','HORSNELL GULLY','WILLUNGA','KYBUNGA','ARTHURTON','CUNGENA','DOUGLAS POINT','SQUARE MILE','HUTT STREET','FERRYDEN PARK','MOUNT OBSERVATION','CHILPENUNDA','ENCOUNTER BAY','SALISBURY EAST NORTHBRI AVE','HALBURY','YELLABINNA','PARKSIDE','BOLLARDS LAGOON','MARLESTON','MINLATON','CLARENCE GARDENS','GAWLER EAST','YALLUNDA FLAT','JUPITER CREEK','TENNYSON','MULGARIA','WHYALLA NORRIE EAST','ALBERT PARK','CANOWIE','HASLAM','MATTA FLAT','VENUS BAY','KENSINGTON GARDENS','MAGAREY','PORT LINCOLN SOUTH','TUMBY BAY','FRAYVILLE','PINKAWILLINIE','STUN''SAIL BOOM','MARCOLLAT','KALTJITI','HEATHPOOL','SALISBURY PARK','MOUNT PLEASANT','POINT LOWLY','WIAWERA','DIREK','BOWER','BLACK POINT','WELLINGTON EAST','TARATAP','TYRINGA','PENRICE','STEINFELD','NORTH SHIELDS','HILTABA','BRENTWOOD','WOODLEIGH','BINNUM','PARSONS BEACH','IRONSTONE','LAKE GAIRDNER','PATA','EVANSTON SOUTH','SANDERSTON','WYNN VALE','GOMERSAL','NEW TOWN','WAPPILKA','DARLINGTON','SIMPSON DESERT','UNO','MCDOUALL PEAK','CARALUE','BUNDALEER GARDENS','ASHBOURNE','LOCKES CLAYPAN','MONTARRA','BLAKISTON','CLEMENTS GAP','PORT GERMEIN','WATTLE FLAT','SUNNYVALE','TIATUKIA','CORDILLO DOWNS','SPALDING','KINGSFORD','HAWSON','WARBURTO','OLD CALPERUM','WARRADALE NORTH','KALLORA','MACGILLIVRAY','PORT RICKABY','GREEN HILLS RANGE','WHYALLA NORRIE','TEAL FLAT','MULGATHING','BERRI','LONSDALE','IRON KNOB','ST JOHNS','WITCHELINA','FLINDERS RANGES','NANGKITA','STRATHALBYN','BUNGEROO','CHAPEL HILL','MUTOOROO','HARROGATE','NORTH BOOBOROWIE','WATERLOO CORNER','PINJARRA STATION','PARA HILLS','CANNAWIGARA','THORNLEA','MURPUTJA','EBA ANCHORAGE','DANGGALI','HOPE GAP','ALDINGA BEACH','PETWOOD','YALANDA','MOONTA BAY','KALKA','FRAHNS','MULLAQUANA','MOBILONG','CHOWILLA','HYDE PARK','LEIGH CREEK','RAMSAY','LAKE EYRE','MILE END SOUTH','NEALES FLAT','WADDIKEE','MINNIPA','ROBERTSTOWN','BRAMFIELD','APPILA','COOLTONG','FOX','KARKOO','MURRAY TOWN','HAHNDORF','OVERLAND CORNER','NAPPERBY','MURRAWONG','GALGA','BOLIVAR','BELALIE EAST','FORRESTON','RIVERGLADES','DOUGLAS POINT SOUTH','SALEM','CULTANA','CALTOWIE NORTH','VICTOR HARBOR CENTRAL','LOWER MITCHAM','PUREBA','GERARD','SMITHFIELD','YEELANNA','URRBRAE','MASLIN BEACH','KOPPAMURRA','GULNARE','KOLENDO','PIPALYATJARA','WILLIPPA','FROME DOWNS','KILBURN','MOUNT DUTTON BAY','PORT MANNUM','MOSELEY','HINCKS','PORKY FLAT','PORT GAWLER','BLUFF BEACH','CROYDON PARK','WEEKEROO','ULEY','KURRALTA PARK','EDEN HILLS','BETHANY','WESTERN RIVER','WILLOCHRA','TOORAK GARDENS','PORT ADELAIDE','LOWER HERMITAGE','PIMBAACLA','GREEN FIELDS','CALTOWIE WEST','GAWLER','KALDOONERA','GILLENTOWN','WILLIAMSTOWN','TARCOOLA','ASCOT PARK','HARTLEY','ALPANA','STONE WELL','PEARLAH','KERSBROOK','TIKALINA','CUSTON','WALLAROO PLAIN','WESTALL','ROSTREVOR','GREENWAYS','WOODVILLE NORTH','CADELL','HATHERLEIGH','MURNINNIE BEACH','PLEASANT PARK','CRESCENT','WOOLSHEDS','HACKHAM','WALLAROO MINES','THEVENARD','ANDAMOOKA STATION','ROSEDALE','GULFVIEW HEIGHTS','BALDINA','MILLBROOK','KOONOONA','DELAMERE','BURRA','WOOMERA','LOCHABER','PELICAN POINT','MIDDLE BEACH','SHERINGA','WALLERBERDINA','MORPHETTS FLAT','GREENHILL','WERTALOONA','YACKA','ASHVILLE','SEPPELTSFIELD','GOOD HOPE LANDING','WISANGER','COCKBURN','WARD BELT','MANNANARIE','FRANKTON','HART','LOWER BROUGHTON','BOCKELBERG','HAWKER','PARILLA','TICKERA','MARION BAY','BROWNLOW KI','WONNA','SWAN REACH','WHYALLA','PANEY','BAKARA WELL','CLINTON CENTRE','MUNDULLA WEST','COMPTON','BAROOTA','CANOWIE BELT','SEAL BAY','STRUAN','MENINGIE WEST','PARCOOLA','PELICAN LAGOON','PUKATJA','LAKE CARLET','STUARTS CREEK','WHYALLA DC','GOLDEN GROVE VILLAGE','WIRRULLA','HENLEY BEACH','WHITES RIVER','YANINEE','CALTOWIE','ELIZABETH GROVE','VALLEY VIEW','NATURI','ANTECHAMBER BAY','FARINA STATION','MERGHINY','PORT VICTORIA','D''ESTREES BAY','SEVENHILL','WYNARKA','GLUEPOT','UNDERDALE','HANSON','BALAH','ROCKY POINT','COROMANDEL EAST','HONITON','HUNTFIELD HEIGHTS','LEIGH CREEK STATION','REEVES PLAINS','EDIACARA','ONKAPARINGA HILLS','GRANGE','MILTALIE','EMU DOWNS','LAURIE PARK','ILLEROO','MOUNT WEDGE','ANANGU PITJANTJATJARA YANKUNYTJATJARA','WILLOUGHBY','SOUTH KILKERRAN','WORLDS END','MOUNT LYNDHURST','ULEYBURY','APOINGA','BAUDIN BEACH','CAMDEN PARK','MURRAY BRIDGE','TEPCO STATION','WONUARRA','SAMPSON FLAT','GLOSSOP','ISLAND LAGOON','OWEN','WAIKERIE','POORAKA','KELLY','MOUNT ARDEN','AMERICAN RIVER','LAKE GILLES','MELROSE PARK DC','MUNDALLIO','PEEP HILL','MONBULLA','ANGLE PARK','GLENBURNIE','ARKAROOLA VILLAGE','CALOOTE','BOWILLIA','BRINKWORTH','WIRREALPA','RIDLEYTON','MINBURRA STATION','PINE VALLEY STATION','KAPINNIE','WHITE WELL CORNER','RUNDLE MALL','FITZROY','TULKA','COWELL','EXETER','WILKATANA STATION','SALT CREEK','WEBB BEACH','ABMINGA STATION','SECOND VALLEY','OODNADATTA','BOWDEN','MOODY','CHARRA','BLANCHE HARBOR','WINDSOR GARDENS','YUNTA','BRIMBAGO','FLINDERS CHASE','HAYBOROUGH','CLINTON','MAYLANDS','FLINDERS UNIVERSITY','TUNKALILLA','ST GEORGES','BOWHILL','WALLOWAY','NUROM','MAGILL NORTH','STEELTON','WIRRAMINNA','OB FLAT','TINTINARA','CHARLTON GULLY','CHERRYVILLE','COULTA','CURRENCY CREEK','CANUNDA','PROOF RANGE','ELIZABETH PARK','NARRINA','PORT AUGUSTA WEST','COORONG','AMYTON','REDWOOD PARK','DOWLINGVILLE','MOUNT JOY','CROMER','JOHNBURGH','KONGAL','INKSTER','MITCHELL','LARGS NORTH','COWLEDS LANDING','GOODWOOD','GURRA GURRA','EDINBURGH NORTH','KENTON VALLEY','LYNDHURST','WHYALLA BARSON','MOUNT CHARLES','MARYVALE','SALISBURY DOWNS','SANDLETON','SIAM','CARPENTER ROCKS','WOOLPUNDA','MIMILI','HAMPSTEAD GARDENS','KANGAROO FLAT','ROYSTON PARK','GEORGETOWN','WOOL BAY','BACK VALLEY','KORUNYE','BULLOO CREEK','WEST LAKES','WOOLSHED FLAT','PORT JULIA','WATERFALL GULLY','LONG PLAINS','PAGES FLAT','PETERSVILLE','BILLA KALINA','HAWTHORNDENE','O''HALLORAN HILL','DUDLEY WEST','MURBKO','WINKIE','YINKANIE','WOODCROFT','WARRADALE','KOOTABERRA','KEILIRA','BLETCHLEY','BURRA EASTERN DISTRICTS','HAY VALLEY','HIGHBURY','NGAPALA','SULTANA POINT','WOODVILLE','CAREY GULLY','OUTALPA','THOMPSON BEACH','MARRABEL','BORDERTOWN SOUTH','MANNINGHAM','WATINUMA','RIVERTON','RISDON PARK','WARNES','GEMMELLS','WARRAMBOO','WYOMI','EBA','YOUNGHUSBAND HOLDINGS','RENMARK','CRAIGBURN FARM','SALISBURY NORTH WHITES ROAD','BEETALOO VALLEY','BULGUNNIA','ARKAROOLA','MOONTA MINES','BLANCHETOWN','UPPER HERMITAGE','NORWOOD SOUTH','WALL FLAT','MONASH','WEST RANGE','INMAN VALLEY','LAFFER','LAKE FROME','CHINAMAN WELLS','HACKLINS CORNER','LAMEROO','WANDEARAH EAST','CHARLESTON','POINT LOWLY NORTH','LINWOOD','MOUNT TEMPLETON','OAKLANDS PARK','BULL CREEK','UNLEY PARK','HINDMARSH ISLAND','PUTTAPA','NOVAR GARDENS','HINDMARSH','DAVEYSTON','ALDINGA','PLYMPTON PARK','BANGHAM','BETHEL','BUTE','COLLEY','STOCKPORT','WEST RICHMOND','MINGBOOL','MARAMA','MURNPEOWIE','TOLDEROL','MALTEE','WADNAMINGA','CHANDADA','LIGHTSVIEW','CORUNNA STATION','BUNDALEER NORTH','SPENCE','DUBLIN','PORT NOARLUNGA SOUTH','AULDANA','LOWER LIGHT','REDBANKS','LAKE ALEXANDRINA','MALPAS','KIANA','NOARLUNGA DOWNS','BOOLGUN','ANAMA','BROOKER','TOWITTA','COOK','STEPNEY','STOCKYARD CREEK','HOSKIN CORNER','PIMBA','RAMCO HEIGHTS','TATACHILLA','PARAFIELD GARDENS','MARANANGA','WANGOLINA','BROWNLOW','SALISBURY SOUTH BC','POLDA','KUITPO COLONY','SEAFORD MEADOWS','WOODSIDE','KINGS PARK','KUITPO','BELTANA STATION','KRINGIN','ANGLE VALE','EDILLILIE','MITCHIDY MOOLA','GAWLER WEST','REGENCY PARK','WRATTONBULLY','FINDON','BUCKINGHAM','MAAOUPE','MOUNT EBA','GILLES PLAINS','GLADSTONE','MEDINDIE GARDENS','COROMANDEL VALLEY','PERPONDA','CAPE JAFFA','CHAFFEY','MILLICENT','BAKARA','MOUNT BARKER','SUTHERLANDS','NANTAWARRA','KULPARA','NORTHERN HEIGHTS','BRENDA PARK','KELLIDIE BAY','ARCKARINGA','NORTH CAPE','PARACHILNA','KOOLYWURTIE','WILLAMULKA','FLINDERS PARK','CAREW','MOYHALL','BRAY','DE ROSE HILL','EUROMINA','MOOLAWATANA','PALMER','TELOWIE','POINT PEARCE','BUCKLAND PARK','GLENELG','CLELAND','BOSTON','NAILSWORTH','YANTANABIE','HOLOWILIENA SOUTH','ATHELSTONE','CLARENDON','BRIGHTON','DUTTON EAST','WALLAROO','MOONTA','SEMAPHORE SOUTH','STONYFELL','GLENGOWRIE','WALKERVILLE','WILLALO','CLEVE','ARMAGH','STOCKYARD PLAIN','LANGHORNE CREEK','ANGAS VALLEY','BANGOR','PYAP WEST','CALIPH','COWIRRA','CAPE DOUGLAS','DOVER GARDENS','LOCHIEL','ULOOLOO','WALTOWA','VIVONNE BAY','KOONUNGA','WARRAWEENA','PROSPECT','BRUCE','KINGOONYA','KIMBA','BRAHMA LODGE','WILLASTON','AVENUE RANGE','PINE POINT','IRON BARON','LAURA','ST IVES','MAROLA','MORTANA','MONARTO SOUTH','PAYNEHAM','KIELPA','CONMURRA','MILANG','WHYALLA PLAYFORD','WHITE HILL','SEACLIFF','SPRING GULLY','YUNYARINYI','MANOORA','ROXBY DOWNS STATION','WINDSOR','TARPEENA','CHRISTIES BEACH','PELLARING FLAT','YAHL','THE RANGE','YATTALUNGA','CRAFERS WEST','SPECTACLE LAKE','BIBARINGA','MOUNT JAGGED','WILGENA','WORROLONG','WUDINNA','YARRAH','TONSLEY','MANUNDA STATION','STEWART RANGE','COOLILLIE','WATTLE RANGE EAST','CLARE','FELIXSTOW','CAPE BORDA','GUM CREEK STATION','TARLEE','WISTOW','SOLOMONTOWN','HALLELUJAH HILLS','BIBLIANDO','DAW PARK','ROYAL PARK','FINNISS','YANYARRIE','CHAIN OF PONDS','SALISBURY SOUTH DC','ANDREWS','ENFIELD PLAZA','COCKATOO VALLEY','SELLICKS BEACH','SCOTT CREEK','HOVE','SOUTH HUMMOCKS','GLENELG NORTH','MONTEITH','MYLOR','WATTLE PARK','MORPHETTVILLE','STREAKY BAY','NORWOOD','FIVE MILES','MARKARANKA','DAWESLEY','PLYMPTON','TAYLORVILLE STATION','PLUMBAGO','CUNNINGHAM','BARMERA','TOTHILL BELT','HAPPY VALLEY','THURLGA','STATION ARCADE','GREENWITH','URAIDLA','REYNELLA EAST','GLANDORE','COPEVILLE','FLAXMAN VALLEY','MULKA','KRONDORF','WINGFIELD','SALTER SPRINGS','PUALCO RANGE','BLEWITT SPRINGS','SHEA-OAK LOG','BEULAH PARK','GOULD CREEK','BACKY POINT','NENE VALLEY','CONDOWIE','MOUNT GEORGE','LARGS BAY','ROSEWORTHY','MUNDOO ISLAND','HOPE FOREST','ELIZABETH DOWNS','SUTTONTOWN','WEEROONA ISLAND','WOLSELEY','ETHELTON','MILLERS CREEK','STOW','KAPPAWANTA','WILKAWATT','COMMONWEALTH HILL','HOPE VALLEY','BLAKEVIEW','BEACHPORT','HECTORVILLE','DALKEY','CUMMINS','ERNABELLA (PUKATJA)','CLAYTON STATION','SOUTH BRIGHTON','MOUNT DAMPER','CULBURRA','SOUTHEND','EVELYN DOWNS','MINDARIE','INNAMINCKA','BARNA','MITCHAM SHOPPING CENTRE','YELTA','MOUNT IVE','NEW RESIDENCE','WANDEARAH WEST','OLD KOOMOOLOO','HAWTHORN','GOOLWA','CROSS ROADS','QUORN','AYERS RANGE SOUTH','BLACK SPRINGS','DRY CREEK','LUCINDALE','KOOLUNGA','CEDUNA','WAROOKA','FOUL BAY','DONOVANS','NORTH YELTA','SEFTON PARK','JERVOIS','CLAYTON BAY','BROOKLYN PARK','BARINIA','FRANCES','COLLINSFIELD','KOORINE','KIDMAN PARK','WILCOWIE','WANILLA','SHAUGH','WILLIAM CREEK','PONDE','GRACE PLAINS','KANGAROO INN','WILLOW CREEK','PENNESHAW','MINBURRA','MOUNT OSMOND','STIRLING','UNGARRA','RENMARK SOUTH','WARD HILL','MIRANDA','LAKE TORRENS STATION','GLENALTA','OSBORNE','BOOLEROO CENTRE','MOORLANDS','WIRREGA','HIGHLAND VALLEY','COOMUNGA','GIDGEALPA','ANGEPENA','BAY OF SHOALS','ROSEWATER EAST','BORRIKA','RISDON PARK SOUTH','TORRENS VALE','PENOLA','SALISBURY SOUTH','TRANMERE','EBENEZER','ALLANDALE STATION','OLARY','WASLEYS','WATARRU','PURPLE DOWNS','UPPER STURT','HOLOWILIENA','PARAMATTA','NALPA','NONNING','VINE VALE','MOOLEULOOLOO','CRADOCK','MINBURRA PLAIN','AMATA','KANGAROO HEAD','TORRENS ISLAND','OAKDEN HILLS','PORT ELLIOT','BUNGAREE','SHORT','FURNER','CRAIGMORE','CARRIETON','NINNES','PROSPECT HILL','ROCKLEIGH','ROXBY DOWNS','WINULTA','GLYNDE PLAZA','LENSWOOD','GAWLER BELT','AUSTRALIA PLAINS','BARABBA','MAGGEA','ROWLAND FLAT','WILD HORSE PLAINS','SEDDON','MARLA','LIPSON','LAKE PLAINS','KINGSWOOD','MARTINS WELL','NELSHABY','PORT PATERSON','SHERLOCK','ZADOWS LANDING','LAKE TORRENS','ROSETOWN','INGLEWOOD','COONDAMBO','SADDLEWORTH','VICTOR HARBOR','SNOWTOWN','NARRUNG','DUCK PONDS','BUGLE HUT','NEPEAN BAY','EMU BAY','HAMILTON','CLARENCE PARK','YAMBA','COWARIE','LITTLE DOUGLAS','PETERHEAD','YORKE VALLEY','HILLBANK','TWO WELLS','GRAMPUS','GREENACRES','AGERY','HOLDER SIDING','OULNINA','SOUTH PLYMPTON','HINDMARSH VALLEY','MUNDOORA','RUDALL','BRUKUNGA','BROWN BEACH','MAGDALA','MAWSON LAKES','KAROONDA','OAKVALE STATION','HORNSDALE','JAMIESON','INKERMAN','KOHINOOR','NORTH MOOLOOLOO','NURIOOTPA','KONDOOLKA','WALKLEY HEIGHTS','POLISH HILL RIVER','RIVERLEA PARK','WORUMBA','MYRTLE BANK','THRINGTON','MOOROOK','MOUNT MARY','WHITES FLAT','KOONGAWA','BIRKENHEAD','MCHARG CREEK','COLLINSWOOD','POOGINAGORIC','LINDLEY','KEITH','BANKSIA PARK','RAMCO','MORN HILL','LOCKLEYS','MODBURY NORTH','RHYNIE','OAKDEN','BELTON','SANDY GROVE','SANDALWOOD','ADELAIDE AIRPORT','PERLUBIE','PIRIE EAST','MCLAREN FLAT','EVERARD CENTRAL','CHINBINGINA','KALAMURINA','ROCHESTER','KATUNGA STATION','BELAIR','BEAUMONT','NORTHFIELD','SELLICKS HILL','LIGHT PASS','MCBEAN POUND','CAVETON','CUTTLEFISH BAY','BOSWORTH','DORSET VALE','WOOLUNDUNGA','CALPERUM STATION','IWANTJA','STURT VALE','LEASINGHAM','SALTIA','WARNERTOWN','HAY FLAT','DE MOLE RIVER','MINTARO','LOCK','EXPORT PARK','HILLCREST','HALLETT','WILLUNGA HILL','DEEPWATER','MOUNT TORRENS','KENT TOWN','EYRE','BOOL LAGOON','MOONAREE','COOMOOROO','JAMES WELL','MANNUM','NETLEY','WATERVALE','ST CLAIR','MEDINDIE','MOUNT HOPE','BROWN HILL CREEK','CARAWA','GLENUNGA','HAMMOND','FARRELL FLAT','WEST HINDMARSH','SILVERTON','GLANVILLE','ROGUES POINT','TILLEY SWAMP','FARINA','BIMBOWRIE','ALMA','GLENELG EAST','SHEIDOW PARK','MARION','CALCA','GLENELG SOUTH','MOUNT MAGNIFICENT','ERINDALE','FAIRVIEW PARK','MOUNT VIVIAN','OLYMPIC DAM','GUMERACHA','SHAGGY RIDGE','WILLALOOKA','ANNADALE','NORTH MOONTA','BLAIR ATHOL','NILPENA','AUBURN','PINE CREEK STATION','BILLIATT','HILLTOWN','MANSFIELD PARK','NARACOORTE','MULOORINA','MAGILL','DEVONBOROUGH DOWNS','ELIZABETH VALE','PARUNA','ELWOMPLE','KANGARILLA','BON BON','GOLDEN GROVE','SUNNYBRAE','BAGOT WELL','BUNYUNG','MOCULTA','KALANGADOO','LEAWOOD GARDENS','GILES CORNER','POINT MCLEAY','MOUNT COOPER','PARAWA','PINE CREEK','TROTT PARK','MOUNT GAMBIER EAST','PINE HILL','MCCRACKEN','URANIA','BUTLER','KOOROONA','PARNDANA','EASTWOOD','KARATTA','MOUNT MCKENZIE','WOMBATS REST','FOREST RANGE','LOXTON NORTH','YATALA VALE','MYPOLONGA','MURTHO','AVON','GLOBE DERBY PARK','PANITYA','MYOLA STATION','VERDUN','OAKBANK','EDEN VALLEY','FULHAM','TIDDY WIDDY BEACH','ALLENDALE EAST','BALD HILLS','TERINGIE','CURNAMONA','YANKALILLA','MOUNT BENSON','GARDEN ISLAND','WOODCHESTER','FISCHER','MIL-LEL','CAMBRAI','WAUKARINGA','WASHPOOL','WOOLTANA','PINERY','CAROLINE','KOONIBBA','BUNBURY','KADINA','OTTOWAY','MOUNT DRUMMOND','DUNCAN','ANGORIGINA','TORRENS PARK','VALE PARK','STONE HUT','WILLSON RIVER','TAPEROO','MAHANEWO','CUMBERLAND PARK','PYAP','ST AGNES','WEST BEACH','WHITWARTA','CUNLIFFE','CHANDLERS HILL','SEACLIFF PARK','DULKANINNA','MOUNT FALKLAND','NORTHGATE','GILLES DOWNS','COUCH BEACH','MOOROOK SOUTH','GLEN OSMOND','STRZELECKI DESERT','PORT LINCOLN','NORTH BRIGHTON','KINGSTON PARK','GERANIUM PLAINS','NILPINNA STATION','QUINYAMBIE','CYGNET RIVER','MULYUNGARIE','PANORAMA','NEWTON','ALAWOONA','NORTH ADELAIDE','ORATUNGA STATION','BELALIE NORTH','MOERLONG','BLACK FOREST','ALDGATE','MILLSWOOD','PARNAROO','BELVIDERE','PINNAROO','KOOLGERA','EDINBURGH RAAF','GOYDER','SOMERTON PARK','MAYFIELD','WELLAND','LOWBANK','RENMARK NORTH','MOSQUITO HILL','GOOLWA NORTH','LAMBINA','KI KI','MARKS LANDING','BENDA','NALYAPPA','PENFIELD GARDENS','CALOMBA','FLAXLEY','ROCKY CAMP','KANYAKA','NGARKAT','LYNDOCH','ERUDINA','MIDDLEBACK RANGE','WEPAR','BUMBUNGA','YELTANA','NURRAGI','COBDOGLA','TEA TREE GULLY','HUDDLESTON','ANNA CREEK','MOUNT HAVELOCK','FRANKLYN','KOONAMORE','PORT PIRIE','COORABIE','KEPA','VISTA','ALLENBY GARDENS','ALLENDALE NORTH','TAYLORVILLE','PEKINA','BLACKFORD','WILLUNGA SOUTH','EAST MOONTA','YUNDI','BURRUNGULE','CAVAN','MUNNO PARA','APAMURRA','PORT VINCENT','OLD NOARLUNGA','TUNGKILLO','COONAWARRA','GLENCOE','POINT SOUTTAR','BOCONNOC PARK','WHITES VALLEY','SEATON','BIRDWOOD','VEITCH','KONGORONG','MITCHELLVILLE','CONCORDIA','PIEDNIPPIE','WANDILO','HARDWICKE BAY','HAZELWOOD PARK','OAK VALLEY','BROMPTON','MERTY MERTY','ENFIELD','CADGEE','WILLYAROO','PORT ARTHUR','DERNANCOURT','MOUNT SERLE','CLOVELLY PARK','MOUNT BARKER SPRINGS','STIRLING NORTH','TEROWIE','PORTER LAGOON','NORTON SUMMIT','PENWORTHAM','OODLA WIRRA','STOKES BAY','FITZGERALD BAY','PARINGA','LINDEN PARK','CADELL LAGOON','SUNNYSIDE','NEW PORT','FLORINA STATION','POINT PASS','PARACOMBE','HENLEY BEACH SOUTH','MANNERS WELL','MANNA HILL','BALHANNAH','CHAPMAN BORE','ERITH','UNDALYA','THE GAP','PORT MACDONNELL','BUCHFELDE','NARLABY','MUNGERANIE','NAIN','YOUNGHUSBAND','JOANNA','KENSINGTON','MAMBRAY CREEK','WESTERN FLAT','SAINTS','YARDEA','MUSTON','ONKAPARINGA HEIGHTS','DEVLINS POUND','MUDAMUCKLA','WAMI KATA','BLACK HILL STATION','BAROSSA GOLDFIELDS','TARCOWIE','UMUWA','SWANPORT','LEWISTON','DAVOREN PARK SOUTH','PENFIELD','MILENDELLA','SEAFORD HEIGHTS','COLEBATCH','TOTHILL CREEK','MELTON STATION','ST KITTS','SANDY CREEK','LAKE VIEW','ATHOL PARK','INGOMAR','EUDUNDA','SKYE','MAUDE','NANBONA','WEST LAKES SHORE','BIRCHMORE','HOUGHTON','UCOLTA','MOUNT BARRY','BORDERTOWN','WHYTE YARCOWIE','LOBETHAL','INGLE FARM','WANBI','WEPOWIE','DUTTON','MOPPA','BINDARRAH','DAVENPORT','LINCOLN NATIONAL PARK','HEWETT','WATRABA','INNESTON','ETTRICK','EVANSTON GARDENS','BAIRD BAY','BLACK ROCK','UMBERATANA','KANMANTOO','GOLDEN HEIGHTS','DEVON PARK','CASSINI','UNLEY','SALISBURY NORTH','ROSE PARK','SOLOMON','STANLEY FLAT','MONGOLATA','DENIAL BAY','FORDS','PARRAKIE','BLACK HILL','BOWMANS','NEW WELL','TALIA','BEAUFORT','WESTBOURNE PARK','SMITHFIELD PLAINS','ANGASTON','KALKAROO','SALISBURY EAST','SLEAFORD','ALBERTON','COLONEL LIGHT GARDENS','VIRGINIA','CHITON','RENDELSHAM','PASKEVILLE','WINTABATINYANA','NETHERBY','MERCUNDA','LINDON','SAPPHIRETOWN','MEADOWS','MARLESTON DC','GERMEIN BAY','NOTTS WELL','CALLINGTON','INDULKANA (IWANTJA)','GIFFORD HILL','CALLANNA','KLEMZIG','PAISLEY','WELBOURN HILL','SANDERGROVE','WEST BUNDALEER','MOUNT VICTOR STATION','FREWVILLE','LITTLEHAMPTON','PORT PIRIE WEST','PORT HUGHES','KYEEMA','COCKALEECHIE','EURELIA','BRADBURY','MURRAY BRIDGE EAST','BLACKFELLOWS CREEK','SECRET ROCKS','NORMANVILLE','MORCHARD','CARCUMA','MALVERN','PARALOWIE','PENNINGTON','POMPOOTA','WOODLANE','PARATOO','PARIS CREEK','FIELD','WHARMINDA','TRINITY GARDENS','NAIRNE','KENSINGTON PARK','BUCKLEBOO','PORT WILLUNGA','MACDONALD PARK','CAMPBELLTOWN','BURNSIDE','SHERWOOD','CURRAMULKA','MENINGIE EAST','MENZIES','LEIGHTON','MURDINGA','PORT WAKEFIELD','BELLEVUE HEIGHTS','CAMPOONA','CASTAMBUL','SENIOR','WOODVILLE GARDENS','NORTH WEST BEND','BENBOURNIE','OLD REYNELLA','KALANBI','YONGALA','HAWKS NEST STATION','DUDLEY PARK','LYNTON','WOODVILLE SOUTH','STUART','TEMPLERS','TRURO','SANDILANDS','THOMAS PLAIN','TRANMERE NORTH','COLTON','PINKS BEACH','ADELAIDE','LUCKY BAY','HAMLEY BRIDGE','RACECOURSE BAY','CRAFERS','KATARAPKO','PORT DAVIS','POOGINOOK','MOUNT SCHANK','HALIDON','FOUNTAIN','EVANSTON PARK','MOUNT CRAWFORD','PORT KENNY','THREE CREEKS','HYNAM','YALYMBOO','CHRISTIE DOWNS','NETLEY GAP','MIDDLE RIVER','SPRINGTON','SPRINGFIELD','ARCOONA','KRONGART','MIDGEE','MINBRIE','MOUNT SARAH','NACKARA','DARKE PEAK','MACUMBA','NILDOTTIE','COONALPYN','ELIZABETH NORTH','KARTE','REEDY CREEK','ELLISTON','JAMESTOWN','BOOLCOOMATTA','WONGYARRA','SCEALE BAY','COFFIN BAY','AVOCA DELL','BIGGS FLAT','ELIZABETH SOUTH','GEPPS CROSS','YANKANINNA','PARA VISTA','MOANA','MINVALARA','QUALCO','BEAUMONTS','GOSSE','FISHER','COOBER PEDY','PAYNEHAM SOUTH','BROUGHTON RIVER VALLEY','COOYERDOO','COOMBE','WESTONS FLAT','LOWAN VALE','STURT','ANDREWS FARM','BOORS PLAIN','CANEGRASS','PARAFIELD','SWEDE FLAT','KARCULTABY','SUNLANDS','NYAPARI','MURLONG','NECTAR BROOK','UPALINNA','KEPPOCH','ROSEWATER','MOORILLAH','WINTINNA','LONSDALE DC','WILLOW SPRINGS','KOKATHA','NORA CREINA','BALAKLAVA','TODMORDEN','CARRICKALINGA','PALKAGEE','MUNDOWDNA','BROADVIEW','WAROONEE','MELTON','GERMAN FLAT','WEETULTA','CAVENAGH','CLAPHAM','FARAWAY HILL','MARRYATVILLE','HAMLEY','TANTANOOLA','MODBURY HEIGHTS','HILTON','WOMPINIE','BILLEROO WEST','ERSKINE','KESWICK TERMINAL','HALIFAX STREET','FALSE BAY','MOOLOOLOO','PEAKE','GERANIUM','MCCALLUM','LEABROOK','MOUNT CLARENCE STATION','RENMARK WEST','CARRIEWERLOO','LONGWOOD','ST KILDA','EVANSTON','HILLIER','LOXTON','BOLTO','WIGLEY FLAT','RED CREEK','GILLMAN','ECHUNGA','GLENDAMBO','KALABITY','PARHAM','KEYNETON','DINGABLEDINGA','LOVEDAY','SURREY DOWNS','MERIBAH','MYPONGA BEACH','CAURNAMONT','YADLAMALKA','POOCHERA','BARATTA','MUNNO PARA WEST','KYANCUTTA','CLEARVIEW','KONGOLIA','MOUNT FREELING','DISMAL SWAMP','MOUNT LIGHT','MANTUNG','PURNONG','WOODVILLE WEST','COONAMIA','WINNINOWIE','YALPARA','RAPID BAY','COOKE PLAINS','PORT NOARLUNGA','CHRISTIES BEACH NORTH','SMOKY BAY','BEDFORD PARK','SEDAN','SOUTH GAP','PARAKYLIA','NAIDIA','ADELAIDE BC','HAINES','ALTON DOWNS STATION','WIRRABARA','BARNDIOOTA','MARINO','MUNDIC CREEK','WAURALTEE','PEWSEY VALE','ST MORRIS','YUMALI','HENDON','CHELTENHAM','FORSTER','STEPHENSTON','WILCHERRY','MITCHAM','MAITLAND','HEATHFIELD','LAKE EVERARD','BASKET RANGE','PERNATTY','BIG BEND','EDINBURGH','NORTH PLYMPTON','MOUNT WILLOUGHBY','BOOKPURNONG','TIEYON','CUNYARIE','ROBE','MOUNT GAMBIER','WILLOWIE','FREELING','RENOWN PARK','BUGLE RANGES','PUNYELROO','MILE END','SUMMERTOWN','KESWICK','NEPABUNNA','BELTANA','WEST CROYDON','MUNDULLA','MABEL CREEK','YATINA','MURRAY BRIDGE NORTH','WATTLE RANGE','MYPONGA','STOCKWELL','RIVERGLEN','WYE','SALISBURY PLAIN','TAUNTON','BLACKFELLOWS CAVES','SEBASTOPOL','NULLARBOR','MORPHETT VALE','MIDDLETON','FORESTVILLE','SEAVIEW DOWNS','SPRING FARM','BUNDEY','EDWARDSTOWN','OULNINA PARK','FOWLERS BAY','COMMISSARIAT POINT','BALLAST HEAD','NETHERTON','ST MARYS','CRYSTAL BROOK','GAWLER SOUTH','CAPE JERVIS','CLAY WELLS','PETERBOROUGH','MOUNT BARKER SUMMIT','REYNELLA','YALATA','WHYALLA NORRIE NORTH','JOSLIN','HARDY','SHEAOAK FLAT','RICHMOND','FULLARTON','BLINMAN','KAINTON','HILTON PLAZA','PORT NEILL','WINNININNIE','MALLALA','COOTRA','WILMINGTON','BLACKWOOD','DAWSON','HALLETT COVE','VERRAN','PORT GIBBON','MELROSE','WATCHMAN','MUNDI MUNDI','MELROSE PARK','SEAFORD','MARBLE HILL','TOOPERANG','KUDLA','KINGSCOTE','LAURA BAY','HOLDEN HILL','LYRUP','MOUNT BURR','BRADY CREEK','BARUNGA GAP','JABUK') NOT NULL,
  `end_location` enum('MOTPENA','MCLAREN VALE','PORT AUGUSTA NORTH','GAWLER RIVER','CHUNDARIA','ELIZABETH EAST','MULGUNDAWA','GAWLER RANGES','GAMMON RANGES','MOUNT COMPASS','BOONERDO','YANERBIE','MOUNT MCINTYRE','UWORRA','MALINONG','BRINKLEY','BLYTH','TORRENSVILLE PLAZA','MONTACUTE','COMAUM','ERINGA','TORRENSVILLE','CORTLINYE','HIGHGATE','BUNGAMA','STANLEY','LINCOLN GAP','BEVERLEY','HOYLETON','PANDIE PANDIE','WILD DOG VALLEY','KINGSTON SE','WHYALLA STUART','PUNTABIE','PICCADILLY','GOOLWA SOUTH','PAECHTOWN','MARREE','PORT MOOROWIE','SALISBURY HEIGHTS','BURR WELL','WOKURNA','EIGHT MILE CREEK','ANDAMOOKA','BALGOWAN','MINGARY','NARRIDY','POINT STURT','NOARLUNGA CENTRE','BOOKABIE','SALISBURY','WANGARY','GOOLWA BEACH','CORNY POINT','MOUNT BARKER JUNCTION','REID','PEEBINGA','ABERFOYLE PARK','BEATTY','CLAYPANS','MONARTO','MARREE STATION','WONGULLA','MITCHELL PARK','MUNNO PARA DOWNS','TARNMA','WILLOW BANKS','LONG FLAT','PADTHAWAY','WAITPINGA','JERUSALEM','SEACOMBE GARDENS','KYBYBOLITE','POONINDIE','PORT PIRIE SOUTH','WOODFORDE','PYGERY','FISHERMAN BAY','MANGALO','WARTAKA','ROCKY PLAIN','DEEP CREEK','COOBOWIE','PINDA SPRINGS','YUMBARRA','BURNSFIELD','PETINA','FARM BEACH','PARA HILLS WEST','KANPI','ASHFORD','PASADENA','TEPKO','MOUNT BRYAN','KINGSTON ON MURRAY','STANSBURY','CEDUNA WATERS','WALLALA','PETHERICK','GILBERTON','GREENBANKS','EDITHBURGH','SEMAPHORE','ELIZABETH','KILKENNY','SEMAPHORE PARK','HUMBUG SCRUB','TANUNDA','CLIFTON HILLS STATION','WOOLUMBOOL','WITCHITIE','COCATA','ISLAND BEACH','TUSMORE','REDHILL','CHERRY GARDENS','PANDURRA','PORT BONYTHON','PENONG','WOODVILLE PARK','PRICE','WHITE SANDS','BOOBOROWIE','COPLEY','MACCLESFIELD','GREEN PATCH','MORGAN','TOOTENILLA','WATERLOO','ULYERRA','HANSBOROUGH','LOUTH BAY','NEWLAND','WAYVILLE','ETADUNNA','AMERICAN BEACH','DAVOREN PARK','GLENROY','O''SULLIVAN BEACH','LAKE HARRIS','COLLINSVILLE','MOOCKRA','MURRAY BRIDGE SOUTH','PARADISE','BUCHANAN','THE PINES','POINT TURTON','WHITE HUT','PUNTHARI','FIRLE','PARK HOLME','BURTON','GLYNDE','TALDRA','KANNI','EMU FLAT','ORROROO','GLENSIDE','HACKHAM WEST','EVERARD PARK','BRIDGEWATER','JULIA','OLD TEAL FLAT','COOMANDOOK','HACKNEY','HAMPDEN','MERRITON','HILL RIVER','LAKE MACFARLANE','KAPUNDA','SEAFORD RISE','ST PETERS','WITJIRA','FLAGSTAFF HILL','MODBURY','MYRTLE SPRINGS','PORT BROUGHTON','NANGWARRY','THEBARTON','JERICHO','TOOLIGIE','WOODS POINT','KOPPIO','LAKE ALBERT','PALLAMANA','CUDLEE CREEK','WIRRINA COVE','ASHTON','LOWER INMAN VALLEY','QUONDONG','ROCKY GULLY','HAMBIDGE','KALBEEBA','ARDROSSAN','HINDMARSH TIERS','WEDGE ISLAND','ALTONA','PORT AUGUSTA','IRONBANK','FULHAM GARDENS','BURDETT','WELLINGTON','DULWICH','YARRAMBA','MARDEN','PINKERTON PLAINS','CROWN POINT','NORTH HILLS','YORKETOWN','GREENOCK','YUDNAPINNA','COLES','NORTH BEACH','OVINGHAM','NORTH HAVEN','COLLEGE PARK','TAPLAN','MOORAK','MULGA VIEW','GERMAN CREEK','ANGAS PLAINS','WITERA','POINT BOSTON','POLTALLOCH','CITY WEST CAMPUS','SEACOMBE HEIGHTS','EMEROO','MOUNT BRYAN EAST','ALFORD','TAILEM BEND','TOORA','KILBURN NORTH','WALKER FLAT','LANGS LANDING','SCHELL WELL','PIKE RIVER','PROSPECT EAST','MOUNT GAMBIER WEST','NUNJIKOMPITA','JULANKA HOLDINGS','WANDANA','ROSSLYN PARK','TOTNESS','GUM CREEK','QUEENSTOWN','ONE TREE HILL','CROYDON','BRIGHT','MENINGIE','PRELINNA','THORNGATE','EVANDALE','MAKIN','NADIA','SUNNYDALE','NORTH ADELAIDE MELBOURNE ST','HOLDER','DUDLEY EAST','WHYALLA JENKINS','ARNO BAY','BOATSWAIN POINT','WUNKAR','OUTER HARBOR','COWANDILLA','RIDGEHAVEN','HORSNELL GULLY','WILLUNGA','KYBUNGA','ARTHURTON','CUNGENA','DOUGLAS POINT','SQUARE MILE','HUTT STREET','FERRYDEN PARK','MOUNT OBSERVATION','CHILPENUNDA','ENCOUNTER BAY','SALISBURY EAST NORTHBRI AVE','HALBURY','YELLABINNA','PARKSIDE','BOLLARDS LAGOON','MARLESTON','MINLATON','CLARENCE GARDENS','GAWLER EAST','YALLUNDA FLAT','JUPITER CREEK','TENNYSON','MULGARIA','WHYALLA NORRIE EAST','ALBERT PARK','CANOWIE','HASLAM','MATTA FLAT','VENUS BAY','KENSINGTON GARDENS','MAGAREY','PORT LINCOLN SOUTH','TUMBY BAY','FRAYVILLE','PINKAWILLINIE','STUN''SAIL BOOM','MARCOLLAT','KALTJITI','HEATHPOOL','SALISBURY PARK','MOUNT PLEASANT','POINT LOWLY','WIAWERA','DIREK','BOWER','BLACK POINT','WELLINGTON EAST','TARATAP','TYRINGA','PENRICE','STEINFELD','NORTH SHIELDS','HILTABA','BRENTWOOD','WOODLEIGH','BINNUM','PARSONS BEACH','IRONSTONE','LAKE GAIRDNER','PATA','EVANSTON SOUTH','SANDERSTON','WYNN VALE','GOMERSAL','NEW TOWN','WAPPILKA','DARLINGTON','SIMPSON DESERT','UNO','MCDOUALL PEAK','CARALUE','BUNDALEER GARDENS','ASHBOURNE','LOCKES CLAYPAN','MONTARRA','BLAKISTON','CLEMENTS GAP','PORT GERMEIN','WATTLE FLAT','SUNNYVALE','TIATUKIA','CORDILLO DOWNS','SPALDING','KINGSFORD','HAWSON','WARBURTO','OLD CALPERUM','WARRADALE NORTH','KALLORA','MACGILLIVRAY','PORT RICKABY','GREEN HILLS RANGE','WHYALLA NORRIE','TEAL FLAT','MULGATHING','BERRI','LONSDALE','IRON KNOB','ST JOHNS','WITCHELINA','FLINDERS RANGES','NANGKITA','STRATHALBYN','BUNGEROO','CHAPEL HILL','MUTOOROO','HARROGATE','NORTH BOOBOROWIE','WATERLOO CORNER','PINJARRA STATION','PARA HILLS','CANNAWIGARA','THORNLEA','MURPUTJA','EBA ANCHORAGE','DANGGALI','HOPE GAP','ALDINGA BEACH','PETWOOD','YALANDA','MOONTA BAY','KALKA','FRAHNS','MULLAQUANA','MOBILONG','CHOWILLA','HYDE PARK','LEIGH CREEK','RAMSAY','LAKE EYRE','MILE END SOUTH','NEALES FLAT','WADDIKEE','MINNIPA','ROBERTSTOWN','BRAMFIELD','APPILA','COOLTONG','FOX','KARKOO','MURRAY TOWN','HAHNDORF','OVERLAND CORNER','NAPPERBY','MURRAWONG','GALGA','BOLIVAR','BELALIE EAST','FORRESTON','RIVERGLADES','DOUGLAS POINT SOUTH','SALEM','CULTANA','CALTOWIE NORTH','VICTOR HARBOR CENTRAL','LOWER MITCHAM','PUREBA','GERARD','SMITHFIELD','YEELANNA','URRBRAE','MASLIN BEACH','KOPPAMURRA','GULNARE','KOLENDO','PIPALYATJARA','WILLIPPA','FROME DOWNS','KILBURN','MOUNT DUTTON BAY','PORT MANNUM','MOSELEY','HINCKS','PORKY FLAT','PORT GAWLER','BLUFF BEACH','CROYDON PARK','WEEKEROO','ULEY','KURRALTA PARK','EDEN HILLS','BETHANY','WESTERN RIVER','WILLOCHRA','TOORAK GARDENS','PORT ADELAIDE','LOWER HERMITAGE','PIMBAACLA','GREEN FIELDS','CALTOWIE WEST','GAWLER','KALDOONERA','GILLENTOWN','WILLIAMSTOWN','TARCOOLA','ASCOT PARK','HARTLEY','ALPANA','STONE WELL','PEARLAH','KERSBROOK','TIKALINA','CUSTON','WALLAROO PLAIN','WESTALL','ROSTREVOR','GREENWAYS','WOODVILLE NORTH','CADELL','HATHERLEIGH','MURNINNIE BEACH','PLEASANT PARK','CRESCENT','WOOLSHEDS','HACKHAM','WALLAROO MINES','THEVENARD','ANDAMOOKA STATION','ROSEDALE','GULFVIEW HEIGHTS','BALDINA','MILLBROOK','KOONOONA','DELAMERE','BURRA','WOOMERA','LOCHABER','PELICAN POINT','MIDDLE BEACH','SHERINGA','WALLERBERDINA','MORPHETTS FLAT','GREENHILL','WERTALOONA','YACKA','ASHVILLE','SEPPELTSFIELD','GOOD HOPE LANDING','WISANGER','COCKBURN','WARD BELT','MANNANARIE','FRANKTON','HART','LOWER BROUGHTON','BOCKELBERG','HAWKER','PARILLA','TICKERA','MARION BAY','BROWNLOW KI','WONNA','SWAN REACH','WHYALLA','PANEY','BAKARA WELL','CLINTON CENTRE','MUNDULLA WEST','COMPTON','BAROOTA','CANOWIE BELT','SEAL BAY','STRUAN','MENINGIE WEST','PARCOOLA','PELICAN LAGOON','PUKATJA','LAKE CARLET','STUARTS CREEK','WHYALLA DC','GOLDEN GROVE VILLAGE','WIRRULLA','HENLEY BEACH','WHITES RIVER','YANINEE','CALTOWIE','ELIZABETH GROVE','VALLEY VIEW','NATURI','ANTECHAMBER BAY','FARINA STATION','MERGHINY','PORT VICTORIA','D''ESTREES BAY','SEVENHILL','WYNARKA','GLUEPOT','UNDERDALE','HANSON','BALAH','ROCKY POINT','COROMANDEL EAST','HONITON','HUNTFIELD HEIGHTS','LEIGH CREEK STATION','REEVES PLAINS','EDIACARA','ONKAPARINGA HILLS','GRANGE','MILTALIE','EMU DOWNS','LAURIE PARK','ILLEROO','MOUNT WEDGE','ANANGU PITJANTJATJARA YANKUNYTJATJARA','WILLOUGHBY','SOUTH KILKERRAN','WORLDS END','MOUNT LYNDHURST','ULEYBURY','APOINGA','BAUDIN BEACH','CAMDEN PARK','MURRAY BRIDGE','TEPCO STATION','WONUARRA','SAMPSON FLAT','GLOSSOP','ISLAND LAGOON','OWEN','WAIKERIE','POORAKA','KELLY','MOUNT ARDEN','AMERICAN RIVER','LAKE GILLES','MELROSE PARK DC','MUNDALLIO','PEEP HILL','MONBULLA','ANGLE PARK','GLENBURNIE','ARKAROOLA VILLAGE','CALOOTE','BOWILLIA','BRINKWORTH','WIRREALPA','RIDLEYTON','MINBURRA STATION','PINE VALLEY STATION','KAPINNIE','WHITE WELL CORNER','RUNDLE MALL','FITZROY','TULKA','COWELL','EXETER','WILKATANA STATION','SALT CREEK','WEBB BEACH','ABMINGA STATION','SECOND VALLEY','OODNADATTA','BOWDEN','MOODY','CHARRA','BLANCHE HARBOR','WINDSOR GARDENS','YUNTA','BRIMBAGO','FLINDERS CHASE','HAYBOROUGH','CLINTON','MAYLANDS','FLINDERS UNIVERSITY','TUNKALILLA','ST GEORGES','BOWHILL','WALLOWAY','NUROM','MAGILL NORTH','STEELTON','WIRRAMINNA','OB FLAT','TINTINARA','CHARLTON GULLY','CHERRYVILLE','COULTA','CURRENCY CREEK','CANUNDA','PROOF RANGE','ELIZABETH PARK','NARRINA','PORT AUGUSTA WEST','COORONG','AMYTON','REDWOOD PARK','DOWLINGVILLE','MOUNT JOY','CROMER','JOHNBURGH','KONGAL','INKSTER','MITCHELL','LARGS NORTH','COWLEDS LANDING','GOODWOOD','GURRA GURRA','EDINBURGH NORTH','KENTON VALLEY','LYNDHURST','WHYALLA BARSON','MOUNT CHARLES','MARYVALE','SALISBURY DOWNS','SANDLETON','SIAM','CARPENTER ROCKS','WOOLPUNDA','MIMILI','HAMPSTEAD GARDENS','KANGAROO FLAT','ROYSTON PARK','GEORGETOWN','WOOL BAY','BACK VALLEY','KORUNYE','BULLOO CREEK','WEST LAKES','WOOLSHED FLAT','PORT JULIA','WATERFALL GULLY','LONG PLAINS','PAGES FLAT','PETERSVILLE','BILLA KALINA','HAWTHORNDENE','O''HALLORAN HILL','DUDLEY WEST','MURBKO','WINKIE','YINKANIE','WOODCROFT','WARRADALE','KOOTABERRA','KEILIRA','BLETCHLEY','BURRA EASTERN DISTRICTS','HAY VALLEY','HIGHBURY','NGAPALA','SULTANA POINT','WOODVILLE','CAREY GULLY','OUTALPA','THOMPSON BEACH','MARRABEL','BORDERTOWN SOUTH','MANNINGHAM','WATINUMA','RIVERTON','RISDON PARK','WARNES','GEMMELLS','WARRAMBOO','WYOMI','EBA','YOUNGHUSBAND HOLDINGS','RENMARK','CRAIGBURN FARM','SALISBURY NORTH WHITES ROAD','BEETALOO VALLEY','BULGUNNIA','ARKAROOLA','MOONTA MINES','BLANCHETOWN','UPPER HERMITAGE','NORWOOD SOUTH','WALL FLAT','MONASH','WEST RANGE','INMAN VALLEY','LAFFER','LAKE FROME','CHINAMAN WELLS','HACKLINS CORNER','LAMEROO','WANDEARAH EAST','CHARLESTON','POINT LOWLY NORTH','LINWOOD','MOUNT TEMPLETON','OAKLANDS PARK','BULL CREEK','UNLEY PARK','HINDMARSH ISLAND','PUTTAPA','NOVAR GARDENS','HINDMARSH','DAVEYSTON','ALDINGA','PLYMPTON PARK','BANGHAM','BETHEL','BUTE','COLLEY','STOCKPORT','WEST RICHMOND','MINGBOOL','MARAMA','MURNPEOWIE','TOLDEROL','MALTEE','WADNAMINGA','CHANDADA','LIGHTSVIEW','CORUNNA STATION','BUNDALEER NORTH','SPENCE','DUBLIN','PORT NOARLUNGA SOUTH','AULDANA','LOWER LIGHT','REDBANKS','LAKE ALEXANDRINA','MALPAS','KIANA','NOARLUNGA DOWNS','BOOLGUN','ANAMA','BROOKER','TOWITTA','COOK','STEPNEY','STOCKYARD CREEK','HOSKIN CORNER','PIMBA','RAMCO HEIGHTS','TATACHILLA','PARAFIELD GARDENS','MARANANGA','WANGOLINA','BROWNLOW','SALISBURY SOUTH BC','POLDA','KUITPO COLONY','SEAFORD MEADOWS','WOODSIDE','KINGS PARK','KUITPO','BELTANA STATION','KRINGIN','ANGLE VALE','EDILLILIE','MITCHIDY MOOLA','GAWLER WEST','REGENCY PARK','WRATTONBULLY','FINDON','BUCKINGHAM','MAAOUPE','MOUNT EBA','GILLES PLAINS','GLADSTONE','MEDINDIE GARDENS','COROMANDEL VALLEY','PERPONDA','CAPE JAFFA','CHAFFEY','MILLICENT','BAKARA','MOUNT BARKER','SUTHERLANDS','NANTAWARRA','KULPARA','NORTHERN HEIGHTS','BRENDA PARK','KELLIDIE BAY','ARCKARINGA','NORTH CAPE','PARACHILNA','KOOLYWURTIE','WILLAMULKA','FLINDERS PARK','CAREW','MOYHALL','BRAY','DE ROSE HILL','EUROMINA','MOOLAWATANA','PALMER','TELOWIE','POINT PEARCE','BUCKLAND PARK','GLENELG','CLELAND','BOSTON','NAILSWORTH','YANTANABIE','HOLOWILIENA SOUTH','ATHELSTONE','CLARENDON','BRIGHTON','DUTTON EAST','WALLAROO','MOONTA','SEMAPHORE SOUTH','STONYFELL','GLENGOWRIE','WALKERVILLE','WILLALO','CLEVE','ARMAGH','STOCKYARD PLAIN','LANGHORNE CREEK','ANGAS VALLEY','BANGOR','PYAP WEST','CALIPH','COWIRRA','CAPE DOUGLAS','DOVER GARDENS','LOCHIEL','ULOOLOO','WALTOWA','VIVONNE BAY','KOONUNGA','WARRAWEENA','PROSPECT','BRUCE','KINGOONYA','KIMBA','BRAHMA LODGE','WILLASTON','AVENUE RANGE','PINE POINT','IRON BARON','LAURA','ST IVES','MAROLA','MORTANA','MONARTO SOUTH','PAYNEHAM','KIELPA','CONMURRA','MILANG','WHYALLA PLAYFORD','WHITE HILL','SEACLIFF','SPRING GULLY','YUNYARINYI','MANOORA','ROXBY DOWNS STATION','WINDSOR','TARPEENA','CHRISTIES BEACH','PELLARING FLAT','YAHL','THE RANGE','YATTALUNGA','CRAFERS WEST','SPECTACLE LAKE','BIBARINGA','MOUNT JAGGED','WILGENA','WORROLONG','WUDINNA','YARRAH','TONSLEY','MANUNDA STATION','STEWART RANGE','COOLILLIE','WATTLE RANGE EAST','CLARE','FELIXSTOW','CAPE BORDA','GUM CREEK STATION','TARLEE','WISTOW','SOLOMONTOWN','HALLELUJAH HILLS','BIBLIANDO','DAW PARK','ROYAL PARK','FINNISS','YANYARRIE','CHAIN OF PONDS','SALISBURY SOUTH DC','ANDREWS','ENFIELD PLAZA','COCKATOO VALLEY','SELLICKS BEACH','SCOTT CREEK','HOVE','SOUTH HUMMOCKS','GLENELG NORTH','MONTEITH','MYLOR','WATTLE PARK','MORPHETTVILLE','STREAKY BAY','NORWOOD','FIVE MILES','MARKARANKA','DAWESLEY','PLYMPTON','TAYLORVILLE STATION','PLUMBAGO','CUNNINGHAM','BARMERA','TOTHILL BELT','HAPPY VALLEY','THURLGA','STATION ARCADE','GREENWITH','URAIDLA','REYNELLA EAST','GLANDORE','COPEVILLE','FLAXMAN VALLEY','MULKA','KRONDORF','WINGFIELD','SALTER SPRINGS','PUALCO RANGE','BLEWITT SPRINGS','SHEA-OAK LOG','BEULAH PARK','GOULD CREEK','BACKY POINT','NENE VALLEY','CONDOWIE','MOUNT GEORGE','LARGS BAY','ROSEWORTHY','MUNDOO ISLAND','HOPE FOREST','ELIZABETH DOWNS','SUTTONTOWN','WEEROONA ISLAND','WOLSELEY','ETHELTON','MILLERS CREEK','STOW','KAPPAWANTA','WILKAWATT','COMMONWEALTH HILL','HOPE VALLEY','BLAKEVIEW','BEACHPORT','HECTORVILLE','DALKEY','CUMMINS','ERNABELLA (PUKATJA)','CLAYTON STATION','SOUTH BRIGHTON','MOUNT DAMPER','CULBURRA','SOUTHEND','EVELYN DOWNS','MINDARIE','INNAMINCKA','BARNA','MITCHAM SHOPPING CENTRE','YELTA','MOUNT IVE','NEW RESIDENCE','WANDEARAH WEST','OLD KOOMOOLOO','HAWTHORN','GOOLWA','CROSS ROADS','QUORN','AYERS RANGE SOUTH','BLACK SPRINGS','DRY CREEK','LUCINDALE','KOOLUNGA','CEDUNA','WAROOKA','FOUL BAY','DONOVANS','NORTH YELTA','SEFTON PARK','JERVOIS','CLAYTON BAY','BROOKLYN PARK','BARINIA','FRANCES','COLLINSFIELD','KOORINE','KIDMAN PARK','WILCOWIE','WANILLA','SHAUGH','WILLIAM CREEK','PONDE','GRACE PLAINS','KANGAROO INN','WILLOW CREEK','PENNESHAW','MINBURRA','MOUNT OSMOND','STIRLING','UNGARRA','RENMARK SOUTH','WARD HILL','MIRANDA','LAKE TORRENS STATION','GLENALTA','OSBORNE','BOOLEROO CENTRE','MOORLANDS','WIRREGA','HIGHLAND VALLEY','COOMUNGA','GIDGEALPA','ANGEPENA','BAY OF SHOALS','ROSEWATER EAST','BORRIKA','RISDON PARK SOUTH','TORRENS VALE','PENOLA','SALISBURY SOUTH','TRANMERE','EBENEZER','ALLANDALE STATION','OLARY','WASLEYS','WATARRU','PURPLE DOWNS','UPPER STURT','HOLOWILIENA','PARAMATTA','NALPA','NONNING','VINE VALE','MOOLEULOOLOO','CRADOCK','MINBURRA PLAIN','AMATA','KANGAROO HEAD','TORRENS ISLAND','OAKDEN HILLS','PORT ELLIOT','BUNGAREE','SHORT','FURNER','CRAIGMORE','CARRIETON','NINNES','PROSPECT HILL','ROCKLEIGH','ROXBY DOWNS','WINULTA','GLYNDE PLAZA','LENSWOOD','GAWLER BELT','AUSTRALIA PLAINS','BARABBA','MAGGEA','ROWLAND FLAT','WILD HORSE PLAINS','SEDDON','MARLA','LIPSON','LAKE PLAINS','KINGSWOOD','MARTINS WELL','NELSHABY','PORT PATERSON','SHERLOCK','ZADOWS LANDING','LAKE TORRENS','ROSETOWN','INGLEWOOD','COONDAMBO','SADDLEWORTH','VICTOR HARBOR','SNOWTOWN','NARRUNG','DUCK PONDS','BUGLE HUT','NEPEAN BAY','EMU BAY','HAMILTON','CLARENCE PARK','YAMBA','COWARIE','LITTLE DOUGLAS','PETERHEAD','YORKE VALLEY','HILLBANK','TWO WELLS','GRAMPUS','GREENACRES','AGERY','HOLDER SIDING','OULNINA','SOUTH PLYMPTON','HINDMARSH VALLEY','MUNDOORA','RUDALL','BRUKUNGA','BROWN BEACH','MAGDALA','MAWSON LAKES','KAROONDA','OAKVALE STATION','HORNSDALE','JAMIESON','INKERMAN','KOHINOOR','NORTH MOOLOOLOO','NURIOOTPA','KONDOOLKA','WALKLEY HEIGHTS','POLISH HILL RIVER','RIVERLEA PARK','WORUMBA','MYRTLE BANK','THRINGTON','MOOROOK','MOUNT MARY','WHITES FLAT','KOONGAWA','BIRKENHEAD','MCHARG CREEK','COLLINSWOOD','POOGINAGORIC','LINDLEY','KEITH','BANKSIA PARK','RAMCO','MORN HILL','LOCKLEYS','MODBURY NORTH','RHYNIE','OAKDEN','BELTON','SANDY GROVE','SANDALWOOD','ADELAIDE AIRPORT','PERLUBIE','PIRIE EAST','MCLAREN FLAT','EVERARD CENTRAL','CHINBINGINA','KALAMURINA','ROCHESTER','KATUNGA STATION','BELAIR','BEAUMONT','NORTHFIELD','SELLICKS HILL','LIGHT PASS','MCBEAN POUND','CAVETON','CUTTLEFISH BAY','BOSWORTH','DORSET VALE','WOOLUNDUNGA','CALPERUM STATION','IWANTJA','STURT VALE','LEASINGHAM','SALTIA','WARNERTOWN','HAY FLAT','DE MOLE RIVER','MINTARO','LOCK','EXPORT PARK','HILLCREST','HALLETT','WILLUNGA HILL','DEEPWATER','MOUNT TORRENS','KENT TOWN','EYRE','BOOL LAGOON','MOONAREE','COOMOOROO','JAMES WELL','MANNUM','NETLEY','WATERVALE','ST CLAIR','MEDINDIE','MOUNT HOPE','BROWN HILL CREEK','CARAWA','GLENUNGA','HAMMOND','FARRELL FLAT','WEST HINDMARSH','SILVERTON','GLANVILLE','ROGUES POINT','TILLEY SWAMP','FARINA','BIMBOWRIE','ALMA','GLENELG EAST','SHEIDOW PARK','MARION','CALCA','GLENELG SOUTH','MOUNT MAGNIFICENT','ERINDALE','FAIRVIEW PARK','MOUNT VIVIAN','OLYMPIC DAM','GUMERACHA','SHAGGY RIDGE','WILLALOOKA','ANNADALE','NORTH MOONTA','BLAIR ATHOL','NILPENA','AUBURN','PINE CREEK STATION','BILLIATT','HILLTOWN','MANSFIELD PARK','NARACOORTE','MULOORINA','MAGILL','DEVONBOROUGH DOWNS','ELIZABETH VALE','PARUNA','ELWOMPLE','KANGARILLA','BON BON','GOLDEN GROVE','SUNNYBRAE','BAGOT WELL','BUNYUNG','MOCULTA','KALANGADOO','LEAWOOD GARDENS','GILES CORNER','POINT MCLEAY','MOUNT COOPER','PARAWA','PINE CREEK','TROTT PARK','MOUNT GAMBIER EAST','PINE HILL','MCCRACKEN','URANIA','BUTLER','KOOROONA','PARNDANA','EASTWOOD','KARATTA','MOUNT MCKENZIE','WOMBATS REST','FOREST RANGE','LOXTON NORTH','YATALA VALE','MYPOLONGA','MURTHO','AVON','GLOBE DERBY PARK','PANITYA','MYOLA STATION','VERDUN','OAKBANK','EDEN VALLEY','FULHAM','TIDDY WIDDY BEACH','ALLENDALE EAST','BALD HILLS','TERINGIE','CURNAMONA','YANKALILLA','MOUNT BENSON','GARDEN ISLAND','WOODCHESTER','FISCHER','MIL-LEL','CAMBRAI','WAUKARINGA','WASHPOOL','WOOLTANA','PINERY','CAROLINE','KOONIBBA','BUNBURY','KADINA','OTTOWAY','MOUNT DRUMMOND','DUNCAN','ANGORIGINA','TORRENS PARK','VALE PARK','STONE HUT','WILLSON RIVER','TAPEROO','MAHANEWO','CUMBERLAND PARK','PYAP','ST AGNES','WEST BEACH','WHITWARTA','CUNLIFFE','CHANDLERS HILL','SEACLIFF PARK','DULKANINNA','MOUNT FALKLAND','NORTHGATE','GILLES DOWNS','COUCH BEACH','MOOROOK SOUTH','GLEN OSMOND','STRZELECKI DESERT','PORT LINCOLN','NORTH BRIGHTON','KINGSTON PARK','GERANIUM PLAINS','NILPINNA STATION','QUINYAMBIE','CYGNET RIVER','MULYUNGARIE','PANORAMA','NEWTON','ALAWOONA','NORTH ADELAIDE','ORATUNGA STATION','BELALIE NORTH','MOERLONG','BLACK FOREST','ALDGATE','MILLSWOOD','PARNAROO','BELVIDERE','PINNAROO','KOOLGERA','EDINBURGH RAAF','GOYDER','SOMERTON PARK','MAYFIELD','WELLAND','LOWBANK','RENMARK NORTH','MOSQUITO HILL','GOOLWA NORTH','LAMBINA','KI KI','MARKS LANDING','BENDA','NALYAPPA','PENFIELD GARDENS','CALOMBA','FLAXLEY','ROCKY CAMP','KANYAKA','NGARKAT','LYNDOCH','ERUDINA','MIDDLEBACK RANGE','WEPAR','BUMBUNGA','YELTANA','NURRAGI','COBDOGLA','TEA TREE GULLY','HUDDLESTON','ANNA CREEK','MOUNT HAVELOCK','FRANKLYN','KOONAMORE','PORT PIRIE','COORABIE','KEPA','VISTA','ALLENBY GARDENS','ALLENDALE NORTH','TAYLORVILLE','PEKINA','BLACKFORD','WILLUNGA SOUTH','EAST MOONTA','YUNDI','BURRUNGULE','CAVAN','MUNNO PARA','APAMURRA','PORT VINCENT','OLD NOARLUNGA','TUNGKILLO','COONAWARRA','GLENCOE','POINT SOUTTAR','BOCONNOC PARK','WHITES VALLEY','SEATON','BIRDWOOD','VEITCH','KONGORONG','MITCHELLVILLE','CONCORDIA','PIEDNIPPIE','WANDILO','HARDWICKE BAY','HAZELWOOD PARK','OAK VALLEY','BROMPTON','MERTY MERTY','ENFIELD','CADGEE','WILLYAROO','PORT ARTHUR','DERNANCOURT','MOUNT SERLE','CLOVELLY PARK','MOUNT BARKER SPRINGS','STIRLING NORTH','TEROWIE','PORTER LAGOON','NORTON SUMMIT','PENWORTHAM','OODLA WIRRA','STOKES BAY','FITZGERALD BAY','PARINGA','LINDEN PARK','CADELL LAGOON','SUNNYSIDE','NEW PORT','FLORINA STATION','POINT PASS','PARACOMBE','HENLEY BEACH SOUTH','MANNERS WELL','MANNA HILL','BALHANNAH','CHAPMAN BORE','ERITH','UNDALYA','THE GAP','PORT MACDONNELL','BUCHFELDE','NARLABY','MUNGERANIE','NAIN','YOUNGHUSBAND','JOANNA','KENSINGTON','MAMBRAY CREEK','WESTERN FLAT','SAINTS','YARDEA','MUSTON','ONKAPARINGA HEIGHTS','DEVLINS POUND','MUDAMUCKLA','WAMI KATA','BLACK HILL STATION','BAROSSA GOLDFIELDS','TARCOWIE','UMUWA','SWANPORT','LEWISTON','DAVOREN PARK SOUTH','PENFIELD','MILENDELLA','SEAFORD HEIGHTS','COLEBATCH','TOTHILL CREEK','MELTON STATION','ST KITTS','SANDY CREEK','LAKE VIEW','ATHOL PARK','INGOMAR','EUDUNDA','SKYE','MAUDE','NANBONA','WEST LAKES SHORE','BIRCHMORE','HOUGHTON','UCOLTA','MOUNT BARRY','BORDERTOWN','WHYTE YARCOWIE','LOBETHAL','INGLE FARM','WANBI','WEPOWIE','DUTTON','MOPPA','BINDARRAH','DAVENPORT','LINCOLN NATIONAL PARK','HEWETT','WATRABA','INNESTON','ETTRICK','EVANSTON GARDENS','BAIRD BAY','BLACK ROCK','UMBERATANA','KANMANTOO','GOLDEN HEIGHTS','DEVON PARK','CASSINI','UNLEY','SALISBURY NORTH','ROSE PARK','SOLOMON','STANLEY FLAT','MONGOLATA','DENIAL BAY','FORDS','PARRAKIE','BLACK HILL','BOWMANS','NEW WELL','TALIA','BEAUFORT','WESTBOURNE PARK','SMITHFIELD PLAINS','ANGASTON','KALKAROO','SALISBURY EAST','SLEAFORD','ALBERTON','COLONEL LIGHT GARDENS','VIRGINIA','CHITON','RENDELSHAM','PASKEVILLE','WINTABATINYANA','NETHERBY','MERCUNDA','LINDON','SAPPHIRETOWN','MEADOWS','MARLESTON DC','GERMEIN BAY','NOTTS WELL','CALLINGTON','INDULKANA (IWANTJA)','GIFFORD HILL','CALLANNA','KLEMZIG','PAISLEY','WELBOURN HILL','SANDERGROVE','WEST BUNDALEER','MOUNT VICTOR STATION','FREWVILLE','LITTLEHAMPTON','PORT PIRIE WEST','PORT HUGHES','KYEEMA','COCKALEECHIE','EURELIA','BRADBURY','MURRAY BRIDGE EAST','BLACKFELLOWS CREEK','SECRET ROCKS','NORMANVILLE','MORCHARD','CARCUMA','MALVERN','PARALOWIE','PENNINGTON','POMPOOTA','WOODLANE','PARATOO','PARIS CREEK','FIELD','WHARMINDA','TRINITY GARDENS','NAIRNE','KENSINGTON PARK','BUCKLEBOO','PORT WILLUNGA','MACDONALD PARK','CAMPBELLTOWN','BURNSIDE','SHERWOOD','CURRAMULKA','MENINGIE EAST','MENZIES','LEIGHTON','MURDINGA','PORT WAKEFIELD','BELLEVUE HEIGHTS','CAMPOONA','CASTAMBUL','SENIOR','WOODVILLE GARDENS','NORTH WEST BEND','BENBOURNIE','OLD REYNELLA','KALANBI','YONGALA','HAWKS NEST STATION','DUDLEY PARK','LYNTON','WOODVILLE SOUTH','STUART','TEMPLERS','TRURO','SANDILANDS','THOMAS PLAIN','TRANMERE NORTH','COLTON','PINKS BEACH','ADELAIDE','LUCKY BAY','HAMLEY BRIDGE','RACECOURSE BAY','CRAFERS','KATARAPKO','PORT DAVIS','POOGINOOK','MOUNT SCHANK','HALIDON','FOUNTAIN','EVANSTON PARK','MOUNT CRAWFORD','PORT KENNY','THREE CREEKS','HYNAM','YALYMBOO','CHRISTIE DOWNS','NETLEY GAP','MIDDLE RIVER','SPRINGTON','SPRINGFIELD','ARCOONA','KRONGART','MIDGEE','MINBRIE','MOUNT SARAH','NACKARA','DARKE PEAK','MACUMBA','NILDOTTIE','COONALPYN','ELIZABETH NORTH','KARTE','REEDY CREEK','ELLISTON','JAMESTOWN','BOOLCOOMATTA','WONGYARRA','SCEALE BAY','COFFIN BAY','AVOCA DELL','BIGGS FLAT','ELIZABETH SOUTH','GEPPS CROSS','YANKANINNA','PARA VISTA','MOANA','MINVALARA','QUALCO','BEAUMONTS','GOSSE','FISHER','COOBER PEDY','PAYNEHAM SOUTH','BROUGHTON RIVER VALLEY','COOYERDOO','COOMBE','WESTONS FLAT','LOWAN VALE','STURT','ANDREWS FARM','BOORS PLAIN','CANEGRASS','PARAFIELD','SWEDE FLAT','KARCULTABY','SUNLANDS','NYAPARI','MURLONG','NECTAR BROOK','UPALINNA','KEPPOCH','ROSEWATER','MOORILLAH','WINTINNA','LONSDALE DC','WILLOW SPRINGS','KOKATHA','NORA CREINA','BALAKLAVA','TODMORDEN','CARRICKALINGA','PALKAGEE','MUNDOWDNA','BROADVIEW','WAROONEE','MELTON','GERMAN FLAT','WEETULTA','CAVENAGH','CLAPHAM','FARAWAY HILL','MARRYATVILLE','HAMLEY','TANTANOOLA','MODBURY HEIGHTS','HILTON','WOMPINIE','BILLEROO WEST','ERSKINE','KESWICK TERMINAL','HALIFAX STREET','FALSE BAY','MOOLOOLOO','PEAKE','GERANIUM','MCCALLUM','LEABROOK','MOUNT CLARENCE STATION','RENMARK WEST','CARRIEWERLOO','LONGWOOD','ST KILDA','EVANSTON','HILLIER','LOXTON','BOLTO','WIGLEY FLAT','RED CREEK','GILLMAN','ECHUNGA','GLENDAMBO','KALABITY','PARHAM','KEYNETON','DINGABLEDINGA','LOVEDAY','SURREY DOWNS','MERIBAH','MYPONGA BEACH','CAURNAMONT','YADLAMALKA','POOCHERA','BARATTA','MUNNO PARA WEST','KYANCUTTA','CLEARVIEW','KONGOLIA','MOUNT FREELING','DISMAL SWAMP','MOUNT LIGHT','MANTUNG','PURNONG','WOODVILLE WEST','COONAMIA','WINNINOWIE','YALPARA','RAPID BAY','COOKE PLAINS','PORT NOARLUNGA','CHRISTIES BEACH NORTH','SMOKY BAY','BEDFORD PARK','SEDAN','SOUTH GAP','PARAKYLIA','NAIDIA','ADELAIDE BC','HAINES','ALTON DOWNS STATION','WIRRABARA','BARNDIOOTA','MARINO','MUNDIC CREEK','WAURALTEE','PEWSEY VALE','ST MORRIS','YUMALI','HENDON','CHELTENHAM','FORSTER','STEPHENSTON','WILCHERRY','MITCHAM','MAITLAND','HEATHFIELD','LAKE EVERARD','BASKET RANGE','PERNATTY','BIG BEND','EDINBURGH','NORTH PLYMPTON','MOUNT WILLOUGHBY','BOOKPURNONG','TIEYON','CUNYARIE','ROBE','MOUNT GAMBIER','WILLOWIE','FREELING','RENOWN PARK','BUGLE RANGES','PUNYELROO','MILE END','SUMMERTOWN','KESWICK','NEPABUNNA','BELTANA','WEST CROYDON','MUNDULLA','MABEL CREEK','YATINA','MURRAY BRIDGE NORTH','WATTLE RANGE','MYPONGA','STOCKWELL','RIVERGLEN','WYE','SALISBURY PLAIN','TAUNTON','BLACKFELLOWS CAVES','SEBASTOPOL','NULLARBOR','MORPHETT VALE','MIDDLETON','FORESTVILLE','SEAVIEW DOWNS','SPRING FARM','BUNDEY','EDWARDSTOWN','OULNINA PARK','FOWLERS BAY','COMMISSARIAT POINT','BALLAST HEAD','NETHERTON','ST MARYS','CRYSTAL BROOK','GAWLER SOUTH','CAPE JERVIS','CLAY WELLS','PETERBOROUGH','MOUNT BARKER SUMMIT','REYNELLA','YALATA','WHYALLA NORRIE NORTH','JOSLIN','HARDY','SHEAOAK FLAT','RICHMOND','FULLARTON','BLINMAN','KAINTON','HILTON PLAZA','PORT NEILL','WINNININNIE','MALLALA','COOTRA','WILMINGTON','BLACKWOOD','DAWSON','HALLETT COVE','VERRAN','PORT GIBBON','MELROSE','WATCHMAN','MUNDI MUNDI','MELROSE PARK','SEAFORD','MARBLE HILL','TOOPERANG','KUDLA','KINGSCOTE','LAURA BAY','HOLDEN HILL','LYRUP','MOUNT BURR','BRADY CREEK','BARUNGA GAP','JABUK') NOT NULL,
  `road_type` enum('Sealed','Unsealed','Quiet Street','Busy Road','Multi-laned Road') NOT NULL,
  `weather` enum('Dry','Wet') DEFAULT NULL,
  `traffic` enum('Light','Medium','Heavy') DEFAULT NULL,
  `qsd_name` varchar(255) NOT NULL,
  `qsd_license` varchar(255) NOT NULL,
  `confirmed` tinyint(1) NOT NULL DEFAULT 0,
  `time_of_day` enum('Day','Night') DEFAULT NULL
) ENGINE=InnoDB DEFAULT CHARSET=utf8mb4 COLLATE=utf8mb4_general_ci;

--
-- Dumping data for table `logbooks`
--

INSERT INTO `logbooks` (`id`, `learner_id`, `qsd_id`, `date`, `start_time`, `end_time`, `duration`, `start_location`, `end_location`, `road_type`, `weather`, `traffic`, `qsd_name`, `qsd_license`, `confirmed`, `time_of_day`) VALUES
(1, 1, 2, '2023-09-16', '12:30:00', '14:30:00', 120, 'WOODCROFT', 'HALLETT COVE', 'Sealed', 'Dry', 'Light', 'Brett Wilkinson', 'BW5467', 1, 'Day'),
(2, 1, 2, '2023-09-14', '09:30:00', '10:30:00', 60, 'MORPHETT VALE', 'BEDFORD PARK', 'Sealed', 'Dry', 'Light', 'Brett Wilkinson', 'BW5467', 1, 'Day'),
(3, 1, 2, '2023-09-12', '10:30:00', '11:30:00', 60, 'SEAFORD MEADOWS', 'ALDINGA', 'Sealed', 'Dry', 'Light', 'Brett Wilkinson', 'BW5467', 0, 'Day'),
(4, 1, 2, '2023-09-12', '22:00:00', '23:00:00', 60, 'GLENELG', 'ADELAIDE', 'Sealed', 'Dry', 'Light', 'Brett Wilkinson', 'BW5467', 1, 'Night'),
(5, 1, 2, '2023-09-10', '22:00:00', '23:00:00', 60, 'ONKAPARINGA HILLS', 'REYNELLA', 'Sealed', 'Dry', 'Light', 'Brett Wilkinson', 'BW5467', 1, 'Night');

-- --------------------------------------------------------

--
-- Table structure for table `payment_methods`
--

DROP TABLE IF EXISTS `payment_methods`;
CREATE TABLE `payment_methods` (
  `id` int(11) NOT NULL,
  `learner_id` int(11) NOT NULL,
  `method_name` varchar(50) NOT NULL,
  `address` varchar(255) NOT NULL,
  `card_type` enum('visa','mastercard') NOT NULL,
  `card_number` char(16) NOT NULL,
  `cvv` char(3) NOT NULL,
  `last_four_digits` char(4) NOT NULL,
  `expiry_month` int(11) NOT NULL,
  `expiry_year` int(11) NOT NULL
) ENGINE=InnoDB DEFAULT CHARSET=utf8mb4 COLLATE=utf8mb4_general_ci;

--
-- Dumping data for table `payment_methods`
--

INSERT INTO `payment_methods` (`id`, `learner_id`, `method_name`, `address`, `card_type`, `card_number`, `cvv`, `last_four_digits`, `expiry_month`, `expiry_year`) VALUES
(1, 1, 'YA BOI', '1 Hall Terrace', 'visa', '1111111111111111', '111', '1111', 1, 2023);

-- --------------------------------------------------------

--
-- Table structure for table `qsd_learners`
--

DROP TABLE IF EXISTS `qsd_learners`;
CREATE TABLE `qsd_learners` (
  `qsd_id` int(11) NOT NULL,
  `learner_id` int(11) NOT NULL
) ENGINE=InnoDB DEFAULT CHARSET=utf8mb4 COLLATE=utf8mb4_general_ci;

-- --------------------------------------------------------

--
-- Table structure for table `student_tasks`
--

DROP TABLE IF EXISTS `student_tasks`;
CREATE TABLE `student_tasks` (
  `student_id` int(11) NOT NULL,
  `unit` int(11) NOT NULL,
  `task` int(11) NOT NULL,
  `completed` tinyint(1) NOT NULL DEFAULT 0,
  `completed_date` date DEFAULT NULL,
  `completed_instructor_id` int(11) DEFAULT NULL,
  `student_followup` tinyint(1) NOT NULL DEFAULT 0,
  `student_signature` tinyint(1) DEFAULT NULL,
  `instructor_followup` tinyint(1) NOT NULL DEFAULT 0,
  `instructor_notes` varchar(255) DEFAULT NULL
) ENGINE=InnoDB DEFAULT CHARSET=utf8mb4 COLLATE=utf8mb4_general_ci;

--
-- Dumping data for table `student_tasks`
--

INSERT INTO `student_tasks` (`student_id`, `unit`, `task`, `completed`, `completed_date`, `completed_instructor_id`, `student_followup`, `student_signature`, `instructor_followup`, `instructor_notes`) VALUES
(1, 1, 1, 1, '2023-09-09', 2, 1, 1, 1, NULL),
(1, 1, 2, 1, '2023-09-09', 2, 0, 1, 0, NULL),
(1, 1, 3, 1, '2023-09-09', 2, 1, 1, 1, NULL),
(1, 1, 5, 1, '2023-09-09', 2, 0, 0, 0, NULL),
(1, 1, 8, 0, NULL, NULL, 1, 0, 0, NULL),
(5, 1, 1, 1, '2023-09-09', 2, 1, 0, 1, NULL),
(5, 1, 2, 1, '2023-09-09', 2, 0, 1, 0, NULL),
(5, 1, 3, 0, NULL, NULL, 1, 0, 1, NULL),
(5, 1, 8, 0, NULL, NULL, 1, 0, 0, NULL),
(6, 1, 2, 1, '2023-09-09', 2, 0, 0, 0, NULL);

-- --------------------------------------------------------

--
-- Table structure for table `users`
--

DROP TABLE IF EXISTS `users`;
CREATE TABLE `users` (
  `id` int(11) NOT NULL,
  `username` varchar(100) NOT NULL,
  `email` varchar(100) NOT NULL,
  `password` char(255) NOT NULL,
  `address` varchar(100) NOT NULL,
  `license` varchar(100) NOT NULL,
  `dob` date NOT NULL,
  `user_type` enum('learner','instructor','government','qsd') NOT NULL,
  `contact_number` char(10) DEFAULT NULL
) ENGINE=InnoDB DEFAULT CHARSET=utf8mb4 COLLATE=utf8mb4_general_ci;

--
-- Dumping data for table `users`
--

INSERT INTO `users` (`id`, `username`, `email`, `password`, `address`, `license`, `dob`, `user_type`, `contact_number`) VALUES
(1, 'Joe Rogan', 'learner@fake.com', '$2y$10$pj8wFJX9IQTfDsuVvo/yg.NzTJM69ye3Kerg3jIKr2oAjYZw5del6', '123 Fake Street', 'JR0192', '1999-01-01', 'learner', '0412345678'),
(2, 'Brett Wilkinson', 'instructor@fake.com', '$2y$10$pj8wFJX9IQTfDsuVvo/yg.NzTJM69ye3Kerg3jIKr2oAjYZw5del6', '123 Fake Street', 'BW5467', '1999-01-01', 'instructor', '0487654321'),
(3, 'government', 'admin@fake.com', '$2y$10$pj8wFJX9IQTfDsuVvo/yg.NzTJM69ye3Kerg3jIKr2oAjYZw5del6', '123 Fake Street', '3', '1999-01-01', 'government', '0887654321'),
(4, 'qsd', 'qsd@fake.com', '$2y$10$pj8wFJX9IQTfDsuVvo/yg.NzTJM69ye3Kerg3jIKr2oAjYZw5del6', '123 Wisteria Lane', 'WK9378', '1980-06-20', 'qsd', '0445362718'),
(5, 'Naomi Wildman', 'naomi@fake.com', '$2y$10$pj8wFJX9IQTfDsuVvo/yg.NzTJM69ye3Kerg3jIKr2oAjYZw5del6', '567 Fake Street', 'NW1234', '2005-06-30', 'learner', '0412345678'),
(6, 'Donald Duck', 'donald@fake.com', '$2y$10$pj8wFJX9IQTfDsuVvo/yg.NzTJM69ye3Kerg3jIKr2oAjYZw5del6', '890 Fake Street', 'DD1234', '2006-09-03', 'learner', '0412000123'),
(7, 'Kathryn Laneway', 'kathryn@fake.com', '$2y$10$pj8wFJX9IQTfDsuVvo/yg.NzTJM69ye3Kerg3jIKr2oAjYZw5del6', '456 Wisteria Lane', 'KL0987', '1960-01-13', 'instructor', '0400112233');

--
-- Indexes for dumped tables
--

--
-- Indexes for table `bills`
--
ALTER TABLE `bills`
  ADD PRIMARY KEY (`id`),
  ADD KEY `learner_id` (`learner_id`),
  ADD KEY `instructor_id` (`instructor_id`);

--
-- Indexes for table `bookings`
--
ALTER TABLE `bookings`
  ADD PRIMARY KEY (`booking_id`),
  ADD KEY `instructor_id` (`instructor_id`),
  ADD KEY `learner_id` (`learner_id`);

--
-- Indexes for table `completed_lessons`
--
ALTER TABLE `completed_lessons`
  ADD PRIMARY KEY (`id`),
  ADD KEY `learner_id` (`learner_id`),
  ADD KEY `lesson_id` (`lesson_id`);

--
-- Indexes for table `instructors`
--
ALTER TABLE `instructors`
  ADD PRIMARY KEY (`user_id`);

--
-- Indexes for table `instructor_learners`
--
ALTER TABLE `instructor_learners`
  ADD KEY `instructor_id` (`instructor_id`),
  ADD KEY `learner_id` (`learner_id`);

--
-- Indexes for table `lessons`
--
ALTER TABLE `lessons`
  ADD PRIMARY KEY (`id`);

--
-- Indexes for table `logbooks`
--
ALTER TABLE `logbooks`
  ADD PRIMARY KEY (`id`),
  ADD KEY `learner_id` (`learner_id`);

--
-- Indexes for table `payment_methods`
--
ALTER TABLE `payment_methods`
  ADD PRIMARY KEY (`id`),
  ADD KEY `learner_id` (`learner_id`);

--
-- Indexes for table `qsd_learners`
--
ALTER TABLE `qsd_learners`
  ADD KEY `qsd_id` (`qsd_id`),
  ADD KEY `learner_id` (`learner_id`);

--
-- Indexes for table `student_tasks`
--
ALTER TABLE `student_tasks`
  ADD PRIMARY KEY (`student_id`,`unit`,`task`),
  ADD KEY `completed_instructor_id` (`completed_instructor_id`);

--
-- Indexes for table `users`
--
ALTER TABLE `users`
  ADD PRIMARY KEY (`id`),
  ADD UNIQUE KEY `email` (`email`),
  ADD UNIQUE KEY `license` (`license`);

--
-- AUTO_INCREMENT for dumped tables
--

--
-- AUTO_INCREMENT for table `bills`
--
ALTER TABLE `bills`
  MODIFY `id` int(11) NOT NULL AUTO_INCREMENT, AUTO_INCREMENT=5;

--
-- AUTO_INCREMENT for table `bookings`
--
ALTER TABLE `bookings`
  MODIFY `booking_id` int(11) NOT NULL AUTO_INCREMENT, AUTO_INCREMENT=4;

--
-- AUTO_INCREMENT for table `completed_lessons`
--
ALTER TABLE `completed_lessons`
  MODIFY `id` int(11) NOT NULL AUTO_INCREMENT;

--
-- AUTO_INCREMENT for table `lessons`
--
ALTER TABLE `lessons`
  MODIFY `id` int(11) NOT NULL AUTO_INCREMENT, AUTO_INCREMENT=7;

--
-- AUTO_INCREMENT for table `logbooks`
--
ALTER TABLE `logbooks`
  MODIFY `id` int(11) NOT NULL AUTO_INCREMENT, AUTO_INCREMENT=6;

--
-- AUTO_INCREMENT for table `payment_methods`
--
ALTER TABLE `payment_methods`
  MODIFY `id` int(11) NOT NULL AUTO_INCREMENT, AUTO_INCREMENT=2;

--
-- AUTO_INCREMENT for table `users`
--
ALTER TABLE `users`
  MODIFY `id` int(11) NOT NULL AUTO_INCREMENT, AUTO_INCREMENT=8;

--
-- Constraints for dumped tables
--

--
-- Constraints for table `bills`
--
ALTER TABLE `bills`
  ADD CONSTRAINT `bills_ibfk_1` FOREIGN KEY (`learner_id`) REFERENCES `users` (`id`),
  ADD CONSTRAINT `bills_ibfk_2` FOREIGN KEY (`instructor_id`) REFERENCES `users` (`id`);

--
-- Constraints for table `bookings`
--
ALTER TABLE `bookings`
  ADD CONSTRAINT `instructor_id` FOREIGN KEY (`instructor_id`) REFERENCES `instructor_learners` (`instructor_id`),
  ADD CONSTRAINT `learner_id` FOREIGN KEY (`learner_id`) REFERENCES `instructor_learners` (`learner_id`);

--
-- Constraints for table `completed_lessons`
--
ALTER TABLE `completed_lessons`
  ADD CONSTRAINT `completed_lessons_ibfk_1` FOREIGN KEY (`learner_id`) REFERENCES `users` (`id`),
  ADD CONSTRAINT `completed_lessons_ibfk_2` FOREIGN KEY (`lesson_id`) REFERENCES `lessons` (`id`);

--
-- Constraints for table `instructors`
--
ALTER TABLE `instructors`
  ADD CONSTRAINT `instructors_ibfk_1` FOREIGN KEY (`user_id`) REFERENCES `users` (`id`);

--
-- Constraints for table `instructor_learners`
--
ALTER TABLE `instructor_learners`
  ADD CONSTRAINT `instructor_learners_ibfk_1` FOREIGN KEY (`instructor_id`) REFERENCES `users` (`id`),
  ADD CONSTRAINT `instructor_learners_ibfk_2` FOREIGN KEY (`learner_id`) REFERENCES `users` (`id`);

--
-- Constraints for table `logbooks`
--
ALTER TABLE `logbooks`
  ADD CONSTRAINT `logbooks_ibfk_1` FOREIGN KEY (`learner_id`) REFERENCES `users` (`id`);

--
-- Constraints for table `payment_methods`
--
ALTER TABLE `payment_methods`
  ADD CONSTRAINT `payment_methods_ibfk_1` FOREIGN KEY (`learner_id`) REFERENCES `users` (`id`);

--
-- Constraints for table `qsd_learners`
--
ALTER TABLE `qsd_learners`
  ADD CONSTRAINT `qsd_learners_ibfk_1` FOREIGN KEY (`qsd_id`) REFERENCES `users` (`id`),
  ADD CONSTRAINT `qsd_learners_ibfk_2` FOREIGN KEY (`learner_id`) REFERENCES `users` (`id`);

--
-- Constraints for table `student_tasks`
--
ALTER TABLE `student_tasks`
  ADD CONSTRAINT `student_tasks_ibfk_1` FOREIGN KEY (`student_id`) REFERENCES `users` (`id`),
  ADD CONSTRAINT `student_tasks_ibfk_2` FOREIGN KEY (`completed_instructor_id`) REFERENCES `users` (`id`);
COMMIT;
